step,system_total_stopped,system_total_waiting_time,system_mean_waiting_time,system_mean_speed,TL_stopped,TL_accumulated_waiting_time,TL_average_speed,agents_total_stopped,agents_total_accumulated_waiting_time
0.0,0,0.0,0.0,0.0,0,0.0,1.0,0,0.0
5.0,0,0.0,0.0,60.7024654463794,0,0.0,0.9967676064929759,0,0.0
10.0,0,0.0,0.0,60.60317134246453,0,0.0,0.995137143124309,0,0.0
15.0,0,0.0,0.0,33.53112908615376,0,0.0,0.4384745946525761,0,0.0
20.0,0,0.0,0.0,35.41300076921116,0,0.0,0.6684997550501456,0,0.0
25.0,0,0.0,0.0,37.19700376630872,0,0.0,0.902014304679731,0,0.0
30.0,0,0.0,0.0,14.700123482119634,0,0.0,0.9810198598207561,0,0.0
35.0,0,0.0,0.0,27.998494929210118,0,0.0,0.9947546088012402,0,0.0
40.0,0,0.0,0.0,27.969222846073478,0,0.0,0.9845244492687715,0,0.0
45.0,0,0.0,0.0,28.04595580877619,0,0.0,0.9857114092227884,0,0.0
50.0,0,0.0,0.0,30.015732885867138,0,0.0,0.9365089099886121,0,0.0
55.0,0,0.0,0.0,20.4951868527161,0,0.0,0.7092792137495516,0,0.0
60.0,1,3.0,0.42857142857142855,19.979656342317202,1,3.0,0.7903499804649565,1,3.0
65.0,0,0.0,0.0,16.218532866670174,0,7.0,0.7326264498116373,0,7.0
70.0,1,2.0,0.2222222222222222,18.59742312918493,1,2.0,0.820954715582058,1,2.0
75.0,0,0.0,0.0,22.846607002640265,0,6.0,0.8480404183977663,0,6.0
80.0,0,0.0,0.0,21.24772687698388,0,0.0,0.9068928623474052,0,0.0
85.0,0,0.0,0.0,23.840437853867847,0,0.0,0.8912135082614755,0,0.0
90.0,1,2.0,0.16666666666666666,18.17854999330661,1,2.0,0.750331092419079,1,2.0
95.0,0,0.0,0.0,15.852714500024325,0,6.0,0.6549972386963989,0,6.0
100.0,1,1.0,0.08333333333333333,15.189317254394735,1,1.0,0.7014190719726038,1,1.0
105.0,1,6.0,0.5,15.644328094065115,1,6.0,0.7375914590295117,1,6.0
110.0,1,11.0,1.0,15.22348270811694,1,11.0,0.605410362779604,1,11.0
115.0,0,0.0,0.0,17.30255734988543,0,15.0,0.611632516655317,0,15.0
120.0,0,0.0,0.0,20.843664370663184,0,0.0,0.9890881175524906,0,0.0
125.0,0,0.0,0.0,22.09854652114127,0,0.0,0.9600531721643589,0,0.0
130.0,0,0.0,0.0,24.417550384028765,0,0.0,0.800730534337217,0,0.0
135.0,1,4.0,0.26666666666666666,22.554020490735365,1,4.0,0.6646823375681495,1,4.0
140.0,1,9.0,0.6923076923076923,22.262233386502245,1,9.0,0.8230538331332983,1,9.0
145.0,0,0.0,0.0,18.773089466796545,0,13.0,0.7045854924095369,0,13.0
150.0,0,0.0,0.0,16.987548946476934,0,0.0,0.725935063203725,0,0.0
155.0,1,3.0,0.2,16.265302059146556,1,5.0,0.7123367681440469,1,5.0
160.0,1,8.0,0.5333333333333333,13.77980548401425,1,8.0,0.7172138653528771,1,8.0
165.0,1,13.0,0.7222222222222222,18.66158156116462,1,14.0,0.7679635001641394,1,14.0
170.0,3,22.0,1.0,21.100278842311212,3,22.0,0.757906798240235,3,22.0
175.0,3,35.0,1.5217391304347827,21.339986024805903,3,40.0,0.7430939186787081,3,40.0
180.0,3,50.0,2.272727272727273,18.5827718125873,3,50.0,0.7213671500674381,3,50.0
185.0,4,68.0,2.9565217391304346,18.940601277319864,4,68.0,0.6645279880449046,4,68.0
190.0,5,89.0,3.423076923076923,18.51718249368534,5,86.0,0.6226063455064742,5,86.0
195.0,7,122.0,4.066666666666666,19.981210530784484,7,119.0,0.6109018075635453,7,119.0
200.0,8,161.0,5.366666666666666,17.38382957585413,8,158.0,0.6143293316573913,8,158.0
205.0,10,203.0,5.970588235294118,15.690270631251853,10,200.0,0.5576008160061069,10,200.0
210.0,9,219.0,6.4411764705882355,14.765822119855121,9,252.0,0.502986992710886,9,252.0
215.0,11,272.0,7.157894736842105,15.977748128550266,11,269.0,0.56181527203122,11,269.0
220.0,12,265.0,6.973684210526316,14.371415400651669,12,329.0,0.4833606047435166,12,329.0
225.0,12,215.0,5.512820512820513,12.816891189229327,12,276.0,0.42739660714782207,12,276.0
230.0,10,252.0,6.3,12.502031351131638,10,327.0,0.41682654207778497,10,327.0
235.0,14,313.0,7.634146341463414,12.269449245507664,14,374.0,0.41379788282649554,14,374.0
240.0,15,381.0,8.282608695652174,14.719218867369671,15,450.0,0.5024960085981985,15,450.0
245.0,12,421.0,9.152173913043478,14.38224419672055,12,473.0,0.5033350803233976,12,473.0
250.0,14,474.0,9.875,14.572645408281367,14,529.0,0.48708152713786873,14,529.0
255.0,16,550.0,11.224489795918368,14.951070438843226,16,602.0,0.4768156105396842,16,602.0
260.0,15,613.0,11.566037735849056,14.859969170379406,15,684.0,0.4606767315006513,15,684.0
265.0,16,666.0,12.566037735849056,13.471641043034053,16,718.0,0.4106543673474968,16,718.0
270.0,14,311.0,5.654545454545454,12.604300837568667,14,804.0,0.3713351636897234,14,804.0
275.0,13,165.0,3.0,11.678235387355281,13,385.0,0.41606129419810844,13,385.0
280.0,18,158.0,2.8214285714285716,10.829244804225535,18,468.0,0.38465704399049483,18,468.0
285.0,20,229.0,3.9482758620689653,10.482443153510301,20,455.0,0.41969181842804354,20,455.0
290.0,17,208.0,3.466666666666667,11.307719617879393,17,554.0,0.40765185249578945,17,554.0
295.0,15,216.0,3.540983606557377,12.296468559014661,15,490.0,0.4785365941613523,15,490.0
300.0,18,237.0,3.761904761904762,12.83617600325547,18,545.0,0.46121126200862295,18,545.0
305.0,17,246.0,3.671641791044776,12.740495473784184,17,535.0,0.4491912630318218,17,535.0
310.0,16,197.0,2.8142857142857145,12.939928054340207,16,624.0,0.4125109692699325,16,624.0
315.0,16,206.0,3.0294117647058822,12.1761041798038,16,400.0,0.47333994758859266,16,400.0
320.0,21,281.0,4.1940298507462686,11.40193106408568,21,495.0,0.4243404138745627,21,495.0
325.0,22,362.0,5.323529411764706,11.995144031426157,22,527.0,0.4069622749879596,22,527.0
330.0,21,425.0,5.902777777777778,12.054021331568185,21,642.0,0.3655354673580304,21,642.0
335.0,22,506.0,6.931506849315069,11.437088041082632,22,650.0,0.39376818698111643,22,650.0
340.0,27,537.0,7.671428571428572,10.748129144517202,27,780.0,0.3696569485901826,27,780.0
345.0,22,506.0,6.931506849315069,12.42373975387761,22,762.0,0.3972774367992517,22,762.0
350.0,25,602.0,8.246575342465754,11.934885879258339,25,880.0,0.35853973718198456,25,880.0
355.0,28,649.0,8.89041095890411,11.431678686150422,28,948.0,0.342196639161888,28,948.0
360.0,29,773.0,10.306666666666667,11.66728018472323,29,1046.0,0.31482005534333635,29,1046.0
365.0,29,829.0,10.49367088607595,10.672315163327381,29,1201.0,0.2848890452567716,29,1201.0
370.0,31,908.0,11.073170731707316,10.419603377117479,31,1174.0,0.2994014320918602,31,1174.0
375.0,31,1052.0,12.987654320987655,10.824564039580958,31,1331.0,0.3151218007287188,31,1331.0
380.0,31,1156.0,14.271604938271604,10.815729964384971,31,1447.0,0.3250794826594473,31,1447.0
385.0,31,1311.0,15.244186046511627,11.670560282808898,31,1537.0,0.361564276740876,31,1537.0
390.0,34,1475.0,16.573033707865168,12.681783539728876,34,1662.0,0.3770171703149705,34,1662.0
395.0,41,1657.0,18.829545454545453,11.296784806105007,41,1834.0,0.31087883564275065,41,1834.0
400.0,36,1763.0,19.16304347826087,11.948156453837093,36,2037.0,0.31994187618104364,36,2037.0
405.0,33,1832.0,19.28421052631579,11.73621536593886,33,2052.0,0.3239243650965052,33,2052.0
410.0,35,1994.0,20.989473684210527,11.352440565108383,35,2216.0,0.33450200454341394,35,2216.0
415.0,41,2182.0,22.49484536082474,10.363716789748358,41,2397.0,0.3223686882757297,41,2397.0
420.0,48,2409.0,25.09375,9.214929978680166,48,2620.0,0.2683536165812543,48,2620.0
425.0,47,2573.0,26.802083333333332,8.141594193639145,47,2870.0,0.20438551012488415,47,2870.0
430.0,40,2677.0,28.47872340425532,7.00149650974854,40,2915.0,0.19377128618771394,40,2915.0
435.0,46,2724.0,28.375,7.751565037630056,46,3131.0,0.22571223516251182,46,3131.0
440.0,44,2514.0,26.1875,8.601583427317967,44,3133.0,0.2351254757116791,44,3133.0
445.0,46,2736.0,28.5,8.79092366438939,46,2956.0,0.2524903692221687,46,2956.0
450.0,43,2878.0,29.670103092783506,9.361659321374873,43,3189.0,0.24993067968583726,43,3189.0
455.0,42,2980.0,28.11320754716981,10.61602157260035,42,3232.0,0.2974408016629087,42,3232.0
460.0,42,2318.0,21.66355140186916,10.452480037927229,42,3452.0,0.30248645345388764,42,3452.0
465.0,22,254.0,2.309090909090909,11.253064185261605,22,2506.0,0.35107209149252383,22,2506.0
470.0,17,235.0,2.1559633027522938,11.430663475171306,17,1355.0,0.43412281871699737,17,1355.0
475.0,18,322.0,2.875,12.626034292445846,18,856.0,0.4830523660397896,18,856.0
480.0,28,375.0,3.2327586206896552,11.685920132825514,28,971.0,0.3948714383016388,28,971.0
485.0,34,406.0,3.355371900826446,12.045958771954139,34,997.0,0.36557103741128344,34,997.0
490.0,38,539.0,4.312,13.029559001148703,38,1190.0,0.36399757750985107,38,1190.0
495.0,27,551.0,4.373015873015873,13.588212876499508,27,1085.0,0.41550405382508737,27,1085.0
500.0,32,632.0,5.056,13.157261815034223,32,1235.0,0.3880609333043198,32,1235.0
505.0,43,743.0,5.944,11.737612119897975,43,1358.0,0.34953814453998594,43,1358.0
510.0,46,750.0,6.410256410256411,10.173196138714962,46,1588.0,0.33393176322511153,46,1588.0
515.0,36,486.0,4.189655172413793,10.034588208485015,36,1404.0,0.3468206101003484,36,1404.0
520.0,34,565.0,4.788135593220339,10.489625622114898,34,1580.0,0.34064959146246715,34,1580.0
525.0,39,470.0,4.051724137931035,8.707964916789406,39,1519.0,0.28457735803318507,39,1519.0
530.0,41,611.0,5.3130434782608695,8.536758585937806,41,1501.0,0.27774236986263356,41,1501.0
535.0,46,763.0,6.6347826086956525,8.457530834484185,46,1710.0,0.2740259405163958,46,1710.0
540.0,36,746.0,6.543859649122807,8.711801734884954,36,1668.0,0.27032642994908235,36,1668.0
545.0,39,826.0,6.9411764705882355,9.818344138596585,39,1793.0,0.2786996963715145,39,1793.0
550.0,41,924.0,7.7,10.680963373855002,41,1849.0,0.2819448598871488,41,1849.0
555.0,53,1114.0,9.440677966101696,9.59733391398115,53,2006.0,0.2300522821339773,53,2006.0
560.0,45,1177.0,9.727272727272727,10.577848092164386,45,2148.0,0.2540097597801679,45,2148.0
565.0,45,1380.0,11.311475409836065,10.872523174101723,45,2156.0,0.27188782044854043,45,2156.0
570.0,50,1622.0,13.40495867768595,10.697281667330424,50,2208.0,0.25887608611806207,50,2208.0
575.0,51,1773.0,14.298387096774194,10.782382261313238,51,2347.0,0.23079148441846734,51,2347.0
580.0,44,1725.0,13.69047619047619,10.487305581201582,44,2415.0,0.2237448347108619,44,2415.0
585.0,48,1895.0,15.03968253968254,9.871835754571702,48,2638.0,0.21879543351375053,48,2638.0
590.0,49,2063.0,16.504,9.394867692093655,49,2727.0,0.22678856627863053,49,2727.0
595.0,53,2321.0,19.181818181818183,9.803824049980472,53,2939.0,0.2471748144892087,53,2939.0
600.0,53,2514.0,20.112,10.65935681037677,53,3191.0,0.26287086330193127,53,3191.0
605.0,43,2555.0,20.772357723577237,10.220995118890022,43,3109.0,0.2772863063981917,43,3109.0
610.0,45,2765.0,22.298387096774192,10.167492630165256,45,3171.0,0.3043909557987042,45,3171.0
615.0,45,2986.0,22.793893129770993,11.881341936018101,45,3294.0,0.34229197512940945,45,3294.0
620.0,49,3015.0,22.169117647058822,12.56844735965341,49,3532.0,0.3545451724286597,49,3532.0
625.0,43,2539.0,18.669117647058822,12.158695873437711,43,3373.0,0.3417584160386105,43,3373.0
630.0,43,2413.0,17.359712230215827,11.508559377044522,43,3592.0,0.32726504023713143,43,3592.0
635.0,45,2478.0,18.492537313432837,9.973599303320416,45,3667.0,0.30030002224700303,45,3667.0
640.0,58,2675.0,19.107142857142858,9.52675993430361,58,3927.0,0.27196611350175226,58,3927.0
645.0,62,2900.0,20.13888888888889,10.15778973289785,62,4130.0,0.3173310867927453,62,4130.0
650.0,60,3165.0,21.82758620689655,10.193866279357682,60,4395.0,0.34112763103417276,60,4395.0
655.0,63,3430.0,23.175675675675677,10.357323453374343,63,4602.0,0.3448951138309685,63,4602.0
660.0,67,3751.0,25.174496644295303,10.302931076515982,67,4906.0,0.321007917254505,67,4906.0
665.0,70,4089.0,27.079470198675498,10.907132825961186,70,5234.0,0.3236200310381702,70,5234.0
670.0,76,4449.0,28.51923076923077,10.519217197607656,76,5594.0,0.292259295252782,76,5594.0
675.0,84,4849.0,31.48701298701299,9.057234226897405,84,5990.0,0.2600338914870422,84,5990.0
680.0,85,5196.0,33.095541401273884,8.270058565826861,85,6347.0,0.2278558530855348,85,6347.0
685.0,93,5537.0,35.493589743589745,7.579825602831582,93,6673.0,0.20656947422478328,93,6673.0
690.0,95,5750.0,36.392405063291136,7.938340794252442,95,6733.0,0.21524304048990814,95,6733.0
695.0,87,5639.0,36.380645161290325,6.722083480953804,87,7017.0,0.20785147306889776,87,7017.0
700.0,93,5887.0,37.980645161290326,6.413497051793065,93,7215.0,0.2266397029171308,93,7215.0
705.0,92,6143.0,38.63522012578616,6.521717473681475,92,7221.0,0.2341591010787727,92,7221.0
710.0,93,6550.0,40.683229813664596,6.300837889898493,93,7471.0,0.2281460947150831,93,7471.0
715.0,87,6636.0,40.96296296296296,6.1109381770010485,87,7900.0,0.20692189033023536,87,7900.0
720.0,71,5787.0,34.44642857142857,6.97142811267025,71,7817.0,0.2129266137587374,71,7817.0
725.0,70,5782.0,33.616279069767444,7.598476328803929,70,7616.0,0.2169982016269755,70,7616.0
730.0,69,5696.0,32.18079096045198,8.839213073088132,69,7512.0,0.25221737056265403,69,7512.0
735.0,66,5945.0,33.39887640449438,8.919106733576767,66,7189.0,0.25153252355250005,66,7189.0
740.0,71,6036.0,33.720670391061454,7.887073323064933,71,7456.0,0.21855930587843048,71,7456.0
745.0,75,5848.0,31.61081081081081,8.053148540913439,75,7466.0,0.20270228110904095,75,7466.0
750.0,83,6139.0,32.65425531914894,8.438021514006385,83,7606.0,0.20239039908355758,83,7606.0
755.0,90,6563.0,33.31472081218274,8.955819687433502,90,7928.0,0.19779883292602757,90,7928.0
760.0,94,7028.0,35.857142857142854,9.560149045678704,94,8383.0,0.2242246774209463,94,8383.0
765.0,97,7506.0,39.50526315789474,9.001425398832566,97,8779.0,0.24209689927504333,97,8779.0
770.0,98,7994.0,43.21081081081081,8.629601540214916,98,9091.0,0.22591535501010163,98,9091.0
775.0,97,8262.0,45.395604395604394,8.479424468440154,97,9564.0,0.2200067672209199,97,9564.0
780.0,97,8526.0,45.593582887700535,8.760718937912662,97,10051.0,0.2165675057256958,97,10051.0
785.0,79,8163.0,42.738219895287955,9.309393893578571,79,10000.0,0.23678825922456448,79,10000.0
790.0,73,8214.0,42.78125,9.533378199627284,73,9802.0,0.25237215875806795,73,9802.0
795.0,81,8549.0,45.716577540106954,7.9905691243222945,81,10152.0,0.2063250119352058,81,10152.0
800.0,88,8932.0,48.02150537634409,7.308988938763517,88,10508.0,0.2091071956203326,88,10508.0
805.0,93,9271.0,49.57754010695187,7.238259505477995,93,10876.0,0.20485146322467362,93,10876.0
810.0,102,9764.0,52.494623655913976,7.227543435058273,102,11360.0,0.19544473042036983,102,11360.0
815.0,110,10300.0,53.645833333333336,8.357115185291208,110,11815.0,0.21720380341932838,110,11815.0
820.0,106,10758.0,55.16923076923077,8.922640719589642,106,12346.0,0.2253430084870442,106,12346.0
825.0,109,11292.0,58.50777202072539,8.800100602321265,109,12865.0,0.22118849037833455,109,12865.0
830.0,117,11856.0,62.73015873015873,8.037976965622317,117,13426.0,0.19569112164924565,117,13426.0
835.0,113,12188.0,65.17647058823529,7.351670022690182,113,14008.0,0.16811451152064738,113,14008.0
840.0,98,11876.0,63.8494623655914,6.694591103878448,98,13857.0,0.16619152104947466,98,13857.0
845.0,93,12143.0,67.46111111111111,5.807479421845349,93,14002.0,0.17012946741191154,93,14002.0
850.0,97,11794.0,64.44808743169399,6.405943079021393,97,13917.0,0.18989000934409023,97,13917.0
855.0,101,8843.0,47.543010752688176,6.600097377288702,101,13647.0,0.19340215234771976,101,13647.0
860.0,102,6527.0,34.71808510638298,6.931434172618049,102,12967.0,0.20788289335526028,102,12967.0
865.0,103,5042.0,26.397905759162303,7.186898666121544,103,12122.0,0.21168458952566002,103,12122.0
870.0,102,4709.0,23.427860696517413,8.30386141221673,102,12091.0,0.23228690785750444,102,12091.0
875.0,102,4969.0,23.328638497652584,9.366227286489602,102,11752.0,0.25293846372048373,102,11752.0
880.0,112,5479.0,25.24884792626728,9.099791925353585,112,11176.0,0.2554818845313751,112,11176.0
885.0,116,6023.0,27.628440366972477,8.450834884823653,116,10601.0,0.24469471968005413,116,10601.0
890.0,121,6608.0,29.765765765765767,7.988768966486552,121,10477.0,0.22918329327583556,121,10477.0
895.0,132,7244.0,32.05309734513274,7.235933553896857,132,10256.0,0.20208731593812043,132,10256.0
900.0,140,7928.0,34.469565217391306,7.3077848579354905,140,10384.0,0.19135059404855423,140,10384.0
905.0,150,8655.0,38.296460176991154,6.220916575145447,150,10688.0,0.16719632732381232,150,10688.0
910.0,156,9426.0,41.3421052631579,6.029243319840465,156,11290.0,0.16801348676919942,156,11290.0
915.0,159,10213.0,44.79385964912281,5.837428878763533,159,11972.0,0.15690362693610893,159,11972.0
920.0,166,11027.0,47.94347826086957,5.523511365360764,166,12735.0,0.14679648670894474,166,12735.0
925.0,168,11863.0,51.80349344978166,4.857413567533404,168,13571.0,0.13029583029678687,168,13571.0
930.0,175,12718.0,55.29565217391304,3.99016918212473,175,14426.0,0.10766535865808687,175,14426.0
935.0,185,13630.0,58.0,4.35957506103983,185,15338.0,0.11213688037425493,185,15338.0
940.0,190,14569.0,61.99574468085106,3.9810136962559635,190,16277.0,0.10982533102449198,190,16277.0
945.0,185,14948.0,63.60851063829787,3.561218848786466,185,17226.0,0.10323538416463542,185,17226.0
950.0,166,13533.0,56.3875,3.385291460430644,166,16900.0,0.10480558183825944,166,16900.0
955.0,160,13263.0,55.2625,3.5195578553714304,160,16665.0,0.1077717739691452,160,16665.0
960.0,151,13051.0,53.052845528455286,4.789503791269153,151,16728.0,0.14826794334577692,151,16728.0
965.0,142,13096.0,52.384,5.814066517924189,142,16498.0,0.1699966804811907,142,16498.0
970.0,145,13583.0,53.05859375,6.634552944620471,145,16706.0,0.17279439875593847,145,16706.0
975.0,141,13402.0,50.573584905660375,7.064290922354528,141,17098.0,0.18029100326990039,141,17098.0
980.0,120,10499.0,38.885185185185186,7.1015240219547495,120,16048.0,0.17257563457275227,120,16048.0
985.0,104,9383.0,33.510714285714286,8.002651562118565,104,15676.0,0.19029356837158543,104,15676.0
990.0,101,9429.0,33.084210526315786,8.648643654532982,101,15120.0,0.21253771148262093,101,15120.0
995.0,111,9729.0,34.62277580071174,8.148949597658047,111,14677.0,0.20628083223903426,111,14677.0
1000.0,120,10262.0,36.78136200716846,8.009684877755312,120,14309.0,0.2065151041027336,120,14309.0
1005.0,130,10873.0,38.55673758865248,8.691897033773566,130,14330.0,0.2062780190754109,130,14330.0
1010.0,139,11546.0,39.813793103448276,9.593214907264008,139,14752.0,0.23138105353704408,139,14752.0
1015.0,146,12256.0,41.545762711864406,9.910594146244641,146,15235.0,0.2140681816776334,146,15235.0
1020.0,155,13010.0,43.36666666666667,9.916571777306718,155,15918.0,0.1935388569126289,155,15918.0
1025.0,161,13805.0,47.27739726027397,9.053009254946529,161,16701.0,0.16851742259062855,161,16701.0
1030.0,165,14618.0,50.06164383561644,8.86942860142259,165,17514.0,0.1784368479540011,165,17514.0
1035.0,170,15455.0,53.293103448275865,8.540035902890462,170,18351.0,0.18436262717277885,170,18351.0
1040.0,172,16310.0,57.63250883392226,8.001344842062885,172,19210.0,0.1820879660681817,172,19210.0
1045.0,180,17197.0,61.85971223021583,7.310036259402251,180,20097.0,0.17011622917846725,180,20097.0
1050.0,184,18109.0,65.14028776978417,6.914712167931893,184,21009.0,0.161687568927845,184,21009.0
1055.0,186,19011.0,68.38489208633094,6.545398845573205,186,21905.0,0.1522227372720961,186,21905.0
1060.0,191,19941.0,71.98916967509025,6.15737967267957,191,22850.0,0.1453533737542978,191,22850.0
1065.0,200,20912.0,75.49458483754513,5.46524301638043,200,23839.0,0.131510401954318,200,23839.0
1070.0,205,21930.0,79.74545454545455,4.767706148456122,205,24830.0,0.13113075852452927,205,24830.0
1075.0,204,22233.0,81.14233576642336,4.397972961465905,204,25848.0,0.14373559560877436,204,25848.0
1080.0,198,19837.0,72.39781021897811,4.388505500209247,198,25752.0,0.15377386101269444,198,25752.0
1085.0,190,18085.0,64.58928571428571,5.0604812345673835,190,26741.0,0.16468044800945364,190,26741.0
1090.0,172,14287.0,49.43598615916955,4.839884947820651,172,26175.0,0.15326493452877346,172,26175.0
1095.0,175,11605.0,39.074074074074076,4.939252729001899,175,25966.0,0.14710067808670924,175,25966.0
1100.0,175,9521.0,31.526490066225165,5.3558209749935655,175,25542.0,0.1524373545108107,175,25542.0
1105.0,160,7390.0,23.993506493506494,5.431825076566379,160,24811.0,0.14803292764197357,160,24811.0
1110.0,151,6683.0,21.14873417721519,5.592091216435186,151,24490.0,0.15497242413485027,151,24490.0
1115.0,136,5718.0,17.757763975155278,6.123870327867575,136,24009.0,0.16173071190570484,136,24009.0
1120.0,142,5390.0,16.483180428134556,6.842578336067779,142,23315.0,0.15853140185687092,142,23315.0
1125.0,144,5349.0,16.01497005988024,7.456431292907288,144,23099.0,0.1659863467430319,144,23099.0
1130.0,153,5916.0,17.607142857142858,7.795238354062289,153,22706.0,0.1771262272570761,153,22706.0
1135.0,155,6587.0,19.96060606060606,7.358793280191049,155,22844.0,0.1738780071575907,155,22844.0
1140.0,161,7289.0,22.15501519756839,7.42307892974964,161,23534.0,0.17204419323943115,161,23534.0
1145.0,165,7995.0,24.300911854103344,7.7513988466945385,165,23789.0,0.1709050828497277,165,23789.0
1150.0,167,8809.0,26.775075987841944,8.33283207369811,167,24173.0,0.19778645881360474,167,24173.0
1155.0,165,9160.0,27.673716012084594,8.114416128439991,165,24764.0,0.19668529862519185,165,24764.0
1160.0,148,8516.0,25.963414634146343,7.438644569319211,148,24677.0,0.16879160987182962,148,24677.0
1165.0,162,8901.0,26.972727272727273,6.932259874301715,162,24942.0,0.16087039849166365,162,24942.0
1170.0,153,8966.0,27.169696969696968,6.870186261443051,153,25000.0,0.17188618143640635,153,25000.0
1175.0,163,9549.0,28.589820359281436,6.5375792139512825,163,25389.0,0.1581791307963166,163,25389.0
1180.0,176,10214.0,30.858006042296072,5.846558527259169,176,26226.0,0.14398472587156022,176,26226.0
1185.0,180,11038.0,33.75535168195719,5.737640403369252,180,26776.0,0.13890418186332598,180,26776.0
1190.0,194,11909.0,36.643076923076926,5.450029358087699,194,27494.0,0.13425611068537532,194,27494.0
1195.0,198,12818.0,39.198776758409785,5.9059325323522955,198,28259.0,0.12375440715884985,198,28259.0
1200.0,200,13751.0,42.31076923076923,5.756312546285216,200,29084.0,0.109179965651134,200,29084.0
1205.0,208,14769.0,44.890577507598785,5.833507470821913,208,30092.0,0.11260939248916149,208,30092.0
1210.0,213,15246.0,46.76687116564417,5.480290459966713,213,31097.0,0.11046089749923298,213,31097.0
1215.0,210,14545.0,45.31152647975078,4.939288466909647,210,31293.0,0.10371866567818853,210,31293.0
1220.0,211,14248.0,43.97530864197531,4.893419396428337,211,31888.0,0.10875118843069868,211,31888.0
1225.0,219,14488.0,44.85448916408669,4.764598230042279,219,32251.0,0.10774663598805383,219,32251.0
1230.0,216,14580.0,44.86153846153846,4.910689189249627,216,32713.0,0.11176057223178396,216,32713.0
1235.0,214,15244.0,46.193939393939395,4.927593685607046,214,33555.0,0.12224634561298181,214,33555.0
1240.0,219,16199.0,48.79216867469879,4.78508651489184,219,34302.0,0.13118385218043105,219,34302.0
1245.0,221,17275.0,52.03313253012048,4.668567316688346,221,34906.0,0.13692045176263049,221,34906.0
1250.0,232,18409.0,54.30383480825959,4.765220066005235,232,35559.0,0.13175136982340616,232,35559.0
1255.0,237,19572.0,57.395894428152495,4.765241287903768,237,36394.0,0.12467011343407707,237,36394.0
1260.0,251,20803.0,60.650145772594755,4.7281215660022395,251,37305.0,0.11843182912932348,251,37305.0
1265.0,255,22054.0,63.55619596541787,4.653054535089089,255,38178.0,0.12224269516736865,255,38178.0
1270.0,264,23349.0,66.14447592067988,4.351501344430341,264,39092.0,0.11085595362804873,264,39092.0
1275.0,275,24695.0,68.9804469273743,3.981364789822105,275,40419.0,0.10118702525665166,275,40419.0
1280.0,283,26095.0,72.08563535911603,3.652368772870574,283,41757.0,0.10051443559845127,283,41757.0
1285.0,283,27453.0,75.83701657458563,3.1313467975669846,283,43029.0,0.08505804296614738,283,43029.0
1290.0,296,28903.0,77.90566037735849,3.491916506557136,296,44452.0,0.09026017978261269,296,44452.0
1295.0,302,30388.0,80.39153439153439,3.622405623652637,302,45942.0,0.09932115943375283,302,45942.0
1300.0,308,31915.0,84.2084432717678,3.7220931572829796,308,47465.0,0.09867896505178525,308,47465.0
1305.0,307,32927.0,85.74739583333333,3.810586648441255,307,49009.0,0.10419011970772472,307,49009.0
1310.0,284,32276.0,83.83376623376624,3.450263127817579,284,49821.0,0.10322001244125188,284,49821.0
1315.0,264,32402.0,82.65816326530613,3.5358495683258737,264,50551.0,0.10974200394708551,264,50551.0
1320.0,268,33385.0,84.09319899244332,4.126537308744264,268,51107.0,0.1305633722744414,268,51107.0
1325.0,268,34554.0,86.6015037593985,4.2381022977343354,268,51554.0,0.12929963405278638,268,51554.0
1330.0,272,35743.0,88.91293532338308,4.170700760689963,272,52873.0,0.12246806538170919,272,52873.0
1335.0,286,37140.0,91.02941176470588,3.960737378685471,286,54188.0,0.10688932585570417,286,54188.0
1340.0,304,38628.0,93.07951807228916,4.1500543140510056,304,55675.0,0.09952258739295139,304,55675.0
1345.0,322,40196.0,94.35680751173709,4.153004121750538,322,57242.0,0.08480355771881583,322,57242.0
1350.0,335,41841.0,97.30465116279069,4.093661678678102,335,58888.0,0.08053703883681829,335,58888.0
1355.0,346,43551.0,102.47294117647058,3.3694914515445733,346,60598.0,0.0705763012688199,346,60598.0
1360.0,352,45129.0,106.43632075471699,2.505415572904512,352,62358.0,0.05664658394811003,352,62358.0
1365.0,333,46085.0,108.43529411764706,2.495026000682012,333,63328.0,0.06782369181261567,333,63328.0
1370.0,326,47337.0,108.82068965517242,3.2188598582742762,326,64320.0,0.08836507757171737,326,64320.0
1375.0,312,48547.0,113.16317016317016,3.294196652270813,312,65663.0,0.09629495025197682,312,65663.0
1380.0,320,49960.0,114.58715596330275,3.5755673560888384,320,67187.0,0.09777236610472644,320,67187.0
1385.0,339,51531.0,117.38268792710706,3.252768163277188,339,68810.0,0.08368384208209173,339,68810.0
1390.0,357,53259.0,120.49547511312217,2.9322316462921507,357,70530.0,0.06810133804672167,357,70530.0
1395.0,373,55090.0,123.5201793721973,2.587892597406503,373,72365.0,0.059055855436280676,373,72365.0
1400.0,386,56994.0,126.09292035398231,2.552872511452028,386,74269.0,0.05557060343842259,386,74269.0
1405.0,397,58325.0,127.06971677559913,2.906322275731416,397,76245.0,0.0655231477482262,397,76245.0
1410.0,378,54433.0,120.16114790286976,2.3303937446173086,378,75700.0,0.06655396947270201,378,75700.0
1415.0,366,50692.0,110.92341356673961,2.35290864335078,366,75812.0,0.06665744370746571,366,75812.0
1420.0,369,48700.0,105.18358531317494,2.4897910725573023,369,77537.0,0.06750289086002521,369,77537.0
1425.0,367,47572.0,101.43283582089552,2.7526320042243864,367,78878.0,0.07818582277237565,367,78878.0
1430.0,349,45960.0,97.99573560767591,2.256823062406131,349,79764.0,0.06893079847544219,349,79764.0
1435.0,343,45669.0,96.75635593220339,2.0214289470119042,343,80825.0,0.06361478715740093,343,80825.0
1440.0,326,45629.0,95.06041666666667,2.5980913627949795,326,81320.0,0.07257017022553618,326,81320.0
1445.0,335,46532.0,95.7448559670782,2.9624420767457695,335,82172.0,0.07324670383163953,335,82172.0
1450.0,338,47941.0,98.03885480572598,3.221781879112647,338,83135.0,0.07513177919859214,338,83135.0
1455.0,343,49563.0,100.94297352342159,3.4749957144285877,343,84238.0,0.07230926700264251,343,84238.0
1460.0,345,51218.0,102.436,4.076333579363138,345,85405.0,0.07812114701794957,345,85405.0
1465.0,344,52717.0,104.59722222222223,4.628245899088734,344,86638.0,0.08351430478002002,344,86638.0
1470.0,350,54435.0,107.15551181102362,5.062342143131559,350,88180.0,0.09044565574980719,350,88180.0
1475.0,354,56202.0,112.17964071856288,4.654603063889904,354,89633.0,0.08473896612009846,354,89633.0
1480.0,357,57979.0,115.49601593625498,4.790421362335716,357,91161.0,0.08695876559293911,357,91161.0
1485.0,361,59777.0,119.554,4.8100393152785745,361,92677.0,0.0835382083088876,361,92677.0
1490.0,357,59571.0,119.38076152304609,4.478471712051181,357,94430.0,0.07153482117003207,357,94430.0
1495.0,343,53144.0,106.714859437751,4.281014957865191,343,93012.0,0.06372125219853432,343,93012.0
1500.0,336,49236.0,100.27698574338086,3.988963388408642,336,91874.0,0.05918302369414558,336,91874.0
1505.0,325,45801.0,94.43505154639175,4.33822243453756,325,90170.0,0.07062681202439913,325,90170.0
1510.0,309,43750.0,91.52719665271967,4.615913066939862,309,88736.0,0.08145607232773856,309,88736.0
1515.0,302,41982.0,88.94491525423729,4.849374977057618,302,86699.0,0.09167606164966043,302,86699.0
1520.0,296,41860.0,89.8283261802575,4.996831068606536,296,84770.0,0.09337286689055822,296,84770.0
1525.0,299,42478.0,91.15450643776823,5.462045914381936,299,82706.0,0.10319700648413686,299,82706.0
1530.0,291,42305.0,90.78326180257511,5.856535680349771,291,81295.0,0.10479672585330914,291,81295.0
1535.0,285,41806.0,89.71244635193133,6.045354042679737,285,78979.0,0.10500236856427812,285,78979.0
1540.0,284,41163.0,89.87554585152839,5.957092087208291,284,77491.0,0.10521634052506276,284,77491.0
1545.0,289,42475.0,94.17960088691795,5.766577481643736,289,77442.0,0.11171722890454071,289,77442.0
1550.0,291,43917.0,99.13544018058691,5.42139066386448,291,77363.0,0.10761443987660131,291,77363.0
1555.0,283,43785.0,98.3932584269663,5.73962210391757,283,77002.0,0.11906547558183919,283,77002.0
1560.0,275,43373.0,98.79954441913439,5.435713726537697,275,75201.0,0.1144688287380617,275,75201.0
1565.0,267,42916.0,97.75854214123007,5.510811455081765,267,75713.0,0.10697567085486173,267,75713.0
1570.0,257,40951.0,95.67990654205607,5.131087687323074,257,74325.0,0.10705301208596335,257,74325.0
1575.0,266,41083.0,98.2846889952153,4.584872013152898,266,74484.0,0.09492627616433397,266,74484.0
1580.0,276,41978.0,100.90865384615384,4.15971553609912,276,75491.0,0.0833971934312286,276,75491.0
1585.0,279,43142.0,103.9566265060241,3.8046764017644983,279,76004.0,0.07570505155129958,279,76004.0
1590.0,289,44549.0,106.83213429256595,4.019826896968828,289,77344.0,0.0847483396714824,289,77344.0
1595.0,302,45956.0,112.36185819070904,3.838143698827698,302,78404.0,0.09255614666110763,302,78404.0
1600.0,301,46905.0,112.75240384615384,4.395470999004563,301,79614.0,0.11415378917219701,301,79614.0
1605.0,297,48171.0,117.77750611246944,4.238566969311685,297,80532.0,0.1133723204754367,297,80532.0
1610.0,299,49608.0,121.88697788697789,4.045112317690495,299,80772.0,0.09815731158086076,299,80772.0
1615.0,288,48286.0,119.22469135802469,3.712680043126996,288,81570.0,0.08047268535396426,288,81570.0
1620.0,271,46064.0,112.90196078431373,3.853671054551743,271,80824.0,0.08375191540725703,271,80824.0
1625.0,255,44673.0,109.22493887530563,4.093888124409379,255,81116.0,0.09286151160407956,255,81116.0
1630.0,254,43234.0,106.48768472906404,3.5628271979217034,254,80851.0,0.07859834741077368,254,80851.0
1635.0,252,40494.0,100.23267326732673,3.442153278588804,252,81195.0,0.07634625622306887,252,81195.0
1640.0,250,38833.0,95.88395061728394,4.122178848787466,250,82239.0,0.09511528874897605,250,82239.0
1645.0,246,37257.0,90.87073170731708,5.049031422567543,246,82471.0,0.11269273970449532,246,82471.0
1650.0,242,35171.0,84.14114832535886,5.7863197082054585,242,83098.0,0.10967788975991387,242,83098.0
1655.0,235,32600.0,76.88679245283019,5.928367850617944,235,81970.0,0.10935986373813736,235,81970.0
1660.0,223,29325.0,68.35664335664336,6.094751675220549,223,80241.0,0.11788034658411085,223,80241.0
1665.0,217,26801.0,63.06117647058824,5.649196460095481,217,81518.0,0.11102817149705306,217,81518.0
1670.0,222,26728.0,64.0959232613909,4.948131593413507,222,81496.0,0.11413602042986852,222,81496.0
1675.0,224,24564.0,59.4769975786925,4.736505559873583,224,82315.0,0.12298004509679285,224,82315.0
1680.0,226,23670.0,57.45145631067961,4.957910123326475,226,83155.0,0.13811119634566513,226,83155.0
1685.0,227,24261.0,58.04066985645933,5.552473662845208,227,83203.0,0.14994942191766608,227,83203.0
1690.0,233,23734.0,55.453271028037385,5.906032792262696,233,83476.0,0.1497817668802871,233,83476.0
1695.0,249,23396.0,53.783908045977014,6.100981524363312,249,85124.0,0.13869059810350065,249,85124.0
1700.0,247,23510.0,53.43181818181818,6.332328112049147,247,85431.0,0.1407348881038101,247,85431.0
1705.0,256,23549.0,53.15801354401806,6.373224720173469,256,86028.0,0.13100361712454706,256,86028.0
1710.0,268,24391.0,54.56599552572707,6.153801308730922,268,87039.0,0.1182994481964597,268,87039.0
1715.0,269,25518.0,58.39359267734554,5.585170531426363,269,88288.0,0.10082548390320857,269,88288.0
1720.0,280,26310.0,60.20594965675057,5.434124251934486,280,89932.0,0.10046604938462594,280,89932.0
1725.0,284,25523.0,57.744343891402714,5.438610011543057,284,90280.0,0.10352904884250821,284,90280.0
1730.0,294,25988.0,59.46910755148741,4.867115591119988,294,90629.0,0.09787724310917513,294,90629.0
1735.0,288,25632.0,58.92413793103448,4.696636276486894,288,92237.0,0.10524564137885559,288,92237.0
1740.0,289,25892.0,60.779342723004696,4.154447237728924,289,92987.0,0.10069309937953619,289,92987.0
1745.0,289,26197.0,62.37380952380953,3.6146374084973636,289,93569.0,0.0978752223375213,289,93569.0
1750.0,285,26524.0,63.60671462829736,3.449634247541417,285,93422.0,0.09332045331782854,285,93422.0
1755.0,284,26039.0,62.89613526570049,3.06026752935953,284,94051.0,0.07875986311136242,284,94051.0
1760.0,275,24572.0,58.50476190476191,3.366901417259325,275,94354.0,0.08030991407944396,275,94354.0
1765.0,278,25067.0,59.40047393364929,3.502015137496874,278,93905.0,0.08418563816173182,278,93905.0
1770.0,284,25663.0,60.24178403755869,3.798446766006952,284,93663.0,0.08280770163642737,284,93663.0
1775.0,271,25601.0,59.39907192575406,3.9236301412731542,271,93163.0,0.08086979018491722,271,93163.0
1780.0,276,26405.0,61.98356807511737,3.2991595462108245,276,94165.0,0.061320329960953913,276,94165.0
1785.0,283,27524.0,64.30841121495327,3.408013485000279,283,95454.0,0.06350661082100184,283,95454.0
1790.0,293,28703.0,65.98390804597702,3.6744564394207972,293,95145.0,0.07056964120520072,293,95145.0
1795.0,295,29785.0,68.31422018348624,3.812650989985522,295,96358.0,0.07436755713566925,295,96358.0
1800.0,292,30523.0,69.8466819221968,3.769591062523177,292,97727.0,0.07211576832987394,292,97727.0
1805.0,301,31725.0,72.59725400457666,3.3163712714707696,301,98761.0,0.06488732358073371,301,98761.0
1810.0,314,32939.0,75.8963133640553,2.748186226440866,314,99522.0,0.05447780246622394,314,99522.0
1815.0,325,34350.0,79.51388888888889,2.4616988450917905,325,100382.0,0.04921529934418255,325,100382.0
1820.0,337,35971.0,82.88248847926268,2.6961109146459337,337,101682.0,0.05718591707478539,337,101682.0
1825.0,347,37671.0,87.20138888888889,2.6649424548669343,347,103166.0,0.0523617122452916,347,103166.0
1830.0,347,38711.0,89.1958525345622,2.8289947235105197,347,104228.0,0.0509573242549698,347,104228.0
1835.0,353,39922.0,91.35469107551488,2.893598158088052,353,104818.0,0.0460319915303017,353,104818.0
1840.0,358,40420.0,92.91954022988506,2.6376628002278775,358,105276.0,0.0388347265808488,358,105276.0
1845.0,362,41701.0,95.64449541284404,2.468794965420931,362,106856.0,0.04056448522625893,362,106856.0
1850.0,362,42698.0,97.93119266055047,2.5627987043200293,362,108096.0,0.04852749269725069,362,108096.0
1855.0,368,44135.0,101.45977011494253,2.4192437310984634,368,109713.0,0.04298598928072981,368,109713.0
1860.0,374,45614.0,104.37986270022883,2.4725563205932968,374,111408.0,0.04160370779023881,374,111408.0
1865.0,370,46526.0,105.98177676537586,2.3834105417046767,370,112705.0,0.03890215041933247,370,112705.0
1870.0,351,44612.0,102.3211009174312,2.1984125404356782,351,113868.0,0.0405231183419918,351,113868.0
1875.0,339,44178.0,101.55862068965517,2.0018577638841544,339,114176.0,0.03462358938032951,339,114176.0
1880.0,320,43756.0,100.12814645308924,2.4868319671274084,320,115090.0,0.038469539360642166,320,115090.0
1885.0,300,44304.0,101.15068493150685,3.1716380985754897,300,114679.0,0.050976332422901165,300,114679.0
1890.0,295,45336.0,103.27107061503416,3.8708309324007923,295,114793.0,0.06843720014498934,295,114793.0
1895.0,284,46050.0,104.421768707483,4.227987053774334,284,114624.0,0.07274354068115538,284,114624.0
1900.0,280,46864.0,106.75170842824602,4.5507378187197,280,114827.0,0.07329669926400793,280,114827.0
1905.0,283,47992.0,109.07272727272728,5.161955265148042,283,115370.0,0.07124741805584155,283,115370.0
1910.0,278,49276.0,111.73696145124717,5.701475342182261,278,115833.0,0.07235465202067556,278,115833.0
1915.0,281,50285.0,114.80593607305936,5.366533886064053,281,117063.0,0.07405672456560236,281,117063.0
1920.0,285,50518.0,115.86697247706422,5.1758863366690555,285,116975.0,0.08304339152991855,285,116975.0
1925.0,273,49997.0,116.00232018561485,5.106408525833832,273,116731.0,0.08805391640152312,273,116731.0
1930.0,270,50301.0,118.35529411764706,4.734315710055297,270,116957.0,0.08604640037280155,270,116957.0
1935.0,275,50566.0,122.14009661835749,4.232342887002826,275,116833.0,0.07584983368174855,275,116833.0
1940.0,274,51077.0,125.4963144963145,4.225062425234668,274,117348.0,0.08516455315161113,274,117348.0
1945.0,273,51187.0,129.260101010101,3.9380899291612845,273,117230.0,0.08551233116866695,273,117230.0
1950.0,269,51689.0,131.52417302798983,4.0764842034955,269,117472.0,0.09126746185010085,269,117472.0
1955.0,270,52651.0,133.29367088607594,4.498074208573604,270,117097.0,0.09755382270814267,270,117097.0
1960.0,278,54009.0,134.6857855361596,4.479702372998496,278,117883.0,0.09980051898303989,278,117883.0
1965.0,289,55400.0,137.81094527363183,4.30472315710802,289,118585.0,0.10063561065877508,289,118585.0
1970.0,291,56850.0,141.06699751861044,3.799903919097694,291,119641.0,0.09319520209667731,291,119641.0
1975.0,300,58192.0,145.11720698254365,3.507908297206244,300,120519.0,0.0843230682809724,300,120519.0
1980.0,307,59717.0,147.44938271604937,3.7897026104343143,307,121514.0,0.09099042674213752,307,121514.0
1985.0,308,60902.0,150.00492610837438,3.4598380646637645,308,122350.0,0.07832282212811185,308,122350.0
1990.0,305,61552.0,151.98024691358026,3.192692260670562,305,122231.0,0.07010946463759142,305,122231.0
1995.0,302,62610.0,155.35980148883374,2.9449628633390628,302,122917.0,0.06891802298297371,302,122917.0
2000.0,306,63757.0,158.2059553349876,2.7326869577599764,306,123731.0,0.06401594533307337,306,123731.0
2005.0,313,65186.0,161.35148514851485,2.7763845848413373,313,124771.0,0.06525764001585851,313,124771.0
2010.0,313,66722.0,166.38902743142145,2.640661286563029,313,125774.0,0.06627174790697303,313,125774.0
2015.0,319,68304.0,169.06930693069307,2.695093383541704,319,126709.0,0.06824179379545443,319,126709.0
2020.0,321,69828.0,171.99014778325125,2.689625437857997,321,127858.0,0.06315113213585072,321,127858.0
2025.0,329,71458.0,176.00492610837438,2.8180920292788096,329,129102.0,0.0625108526255662,329,129102.0
2030.0,331,73046.0,178.59657701711492,3.0738543392566897,331,130116.0,0.06787049939021428,331,130116.0
2035.0,336,74354.0,180.90997566909977,3.2340801934530665,336,131562.0,0.07011955050317041,336,131562.0
2040.0,344,76057.0,183.2698795180723,3.3572974822003037,344,133327.0,0.06835419865841298,344,133327.0
2045.0,346,76861.0,182.1350710900474,3.574481879663351,346,134621.0,0.07550239664038721,346,134621.0
2050.0,321,75251.0,178.31990521327015,3.4401279336285766,321,135059.0,0.07774361944490332,321,135059.0
2055.0,299,74152.0,176.13301662707838,3.4388024193110667,299,134862.0,0.08235541593092599,299,134862.0
2060.0,290,74114.0,176.88305489260142,3.5837930023904643,290,134788.0,0.09228013791612216,290,134788.0
2065.0,285,73894.0,175.52019002375297,3.5003390722484475,285,135812.0,0.0909656070067597,285,135812.0
2070.0,264,56380.0,132.34741784037558,3.600202166898328,264,129365.0,0.09276756787561831,264,129365.0
2075.0,278,54183.0,126.3006993006993,3.6440385317151596,278,125524.0,0.09257179545975977,278,125524.0
2080.0,286,49862.0,114.10068649885584,4.108083485452145,286,123321.0,0.09966838202745758,286,123321.0
2085.0,299,47291.0,106.75169300225734,4.068414249860985,299,121402.0,0.09030625802639192,299,121402.0
2090.0,317,45853.0,103.50564334085779,3.652319919856165,317,119748.0,0.07712694503251862,317,119748.0
2095.0,330,44531.0,101.4373576309795,3.171812158423354,330,119021.0,0.07867952298652169,330,119021.0
2100.0,337,43359.0,98.9931506849315,3.171866323549594,337,119679.0,0.07847109037071641,337,119679.0
2105.0,339,42103.0,95.68863636363636,2.9481004704203295,339,118074.0,0.06712451522884244,339,118074.0
2110.0,339,40938.0,92.20270270270271,2.8838460694387287,339,118406.0,0.059625804944811844,339,118406.0
2115.0,338,37005.0,82.41648106904232,2.952058089341313,338,117367.0,0.06425405202805211,338,117367.0
2120.0,351,33971.0,75.828125,2.751444986345672,351,118348.0,0.05886911834252409,351,118348.0
2125.0,359,31337.0,69.17660044150111,2.7364243403601174,359,119721.0,0.05978517324920844,359,119721.0
2130.0,354,31443.0,69.25770925110132,2.816412388356122,354,121018.0,0.06569532860379357,354,121018.0
2135.0,356,28955.0,63.49780701754386,3.029529974772487,356,121908.0,0.07647757873260526,356,121908.0
2140.0,346,28020.0,61.04575163398693,3.2907950711399923,346,121894.0,0.07756721513890975,346,121894.0
2145.0,345,28062.0,60.348387096774196,3.7158628808635115,345,120419.0,0.08024496664871719,345,120419.0
2150.0,340,26877.0,57.5524625267666,3.8466416473163805,340,119576.0,0.07482139806907227,340,119576.0
2155.0,356,27850.0,59.635974304068526,3.6891874837767027,356,119418.0,0.07870680424068212,356,119418.0
2160.0,361,29376.0,62.903640256959314,3.62091461282302,361,120290.0,0.07310294585735905,361,120290.0
2165.0,358,30234.0,64.6025641025641,3.7180297728133054,358,121323.0,0.0755398345242888,358,121323.0
2170.0,360,30722.0,66.06881720430107,3.334088784425786,360,121066.0,0.07548889208285042,360,121066.0
2175.0,364,31262.0,67.9608695652174,2.984099659350921,364,122486.0,0.07056375696975613,364,122486.0
2180.0,371,31375.0,68.35511982570806,2.7385615793016904,371,125025.0,0.06835436937241503,371,125025.0
2185.0,372,31232.0,67.6017316017316,2.6591441475956117,372,125455.0,0.07149234902786061,372,125455.0
2190.0,369,30416.0,65.41075268817204,2.5494201842775626,369,126940.0,0.06626694886218469,369,126940.0
2195.0,363,30520.0,65.35331905781585,2.468732732620709,363,125701.0,0.07053029911132433,363,125701.0
2200.0,353,28867.0,62.213362068965516,2.2778085044656784,353,124900.0,0.06593009770548261,353,124900.0
2205.0,356,28722.0,61.76774193548387,2.110037450999552,356,125399.0,0.05041594879791574,356,125399.0
2210.0,359,29797.0,62.99577167019027,2.540795732827726,359,125787.0,0.06316887987950767,359,125787.0
2215.0,364,29978.0,62.58455114822547,2.6042892616909254,364,126070.0,0.06438130742574665,364,126070.0
2220.0,367,29920.0,62.0746887966805,2.724007953424756,367,127234.0,0.06549169239344504,367,127234.0
2225.0,365,30918.0,63.748453608247424,2.805186780743681,365,128506.0,0.06906627880685623,365,128506.0
2230.0,377,32690.0,67.26337448559671,2.8049891474131594,377,130349.0,0.07215541427022869,377,130349.0
2235.0,368,33864.0,69.96694214876032,2.5267082811826285,368,131621.0,0.07123096490341932,368,131621.0
2240.0,360,34690.0,71.37860082304526,2.623405234382778,360,131528.0,0.07649478324257275,360,131528.0
2245.0,350,34865.0,71.0081466395112,2.8398227636207882,350,131901.0,0.08572969798414275,350,131901.0
2250.0,338,31163.0,63.21095334685598,2.8202939864651655,338,131277.0,0.08464265571474375,338,131277.0
2255.0,338,28625.0,57.945344129554655,2.7577710086452143,338,131197.0,0.07980598984414077,338,131197.0
2260.0,333,26306.0,53.14343434343434,2.820730496940574,333,128843.0,0.07831071629605922,333,128843.0
2265.0,314,23918.0,47.836,3.3775547225704705,314,127671.0,0.0823750185327082,314,127671.0
2270.0,295,21578.0,42.8986083499006,3.9331374298827484,295,123295.0,0.08329737703701431,295,123295.0
2275.0,293,20795.0,40.615234375,4.742580256108225,293,122253.0,0.09578980821050523,293,122253.0
2280.0,290,20926.0,40.633009708737866,5.196599259906987,290,121792.0,0.096360470903933,290,121792.0
2285.0,276,21325.0,41.08863198458574,5.8247909205615835,276,120017.0,0.10205614607752747,276,120017.0
2290.0,274,22350.0,43.0635838150289,5.995407718380695,274,119041.0,0.09715447988467776,274,119041.0
2295.0,274,23605.0,45.481695568400774,6.106205822876946,274,118154.0,0.11342930961896783,274,118154.0
2300.0,282,24871.0,48.013513513513516,6.267613418752431,282,117902.0,0.12119613200464129,282,117902.0
2305.0,286,25986.0,50.853228962818,6.504425854572749,286,117553.0,0.12382465117010755,286,117553.0
2310.0,299,27453.0,54.57852882703777,6.297530269440161,299,116547.0,0.12146777452652528,299,116547.0
2315.0,303,28666.0,58.382892057026474,6.074089599296168,303,117861.0,0.12118994322564168,303,117861.0
2320.0,308,29733.0,60.92827868852459,5.861733197044019,308,118635.0,0.12014010740056026,308,118635.0
2325.0,313,28876.0,59.53814432989691,5.3845361808229235,313,117559.0,0.11988192011671488,313,117559.0
2330.0,315,27076.0,57.36440677966102,4.546107676262873,315,116556.0,0.09951589675462408,315,116556.0
2335.0,319,26606.0,57.34051724137931,3.9960466458681934,319,115492.0,0.08276135771089398,319,115492.0
2340.0,312,26252.0,57.31877729257642,3.5003438813673933,312,115577.0,0.08592881017743059,312,115577.0
2345.0,317,26271.0,59.03595505617977,2.8578225368584413,317,116794.0,0.07711953004579898,317,116794.0
2350.0,328,26872.0,61.07272727272727,2.4558946367064363,328,116874.0,0.07783749674570206,328,116874.0
2355.0,343,28128.0,63.92727272727273,2.2885918262976346,343,114228.0,0.0742323738349736,343,114228.0
2360.0,345,29354.0,65.96404494382023,2.519018366368449,345,114771.0,0.08078272698682305,345,114771.0
2365.0,350,30780.0,69.01345291479821,2.3853877502519354,350,113454.0,0.07021572976842057,350,113454.0
2370.0,352,32104.0,72.63348416289593,2.185109411722006,352,111309.0,0.06080350820591492,352,111309.0
2375.0,339,33426.0,75.45372460496614,2.137282897132547,339,113113.0,0.06371986182264859,339,113113.0
2380.0,345,34707.0,78.34537246049662,2.1792618377030055,345,114053.0,0.06573992054479338,345,114053.0
2385.0,345,35425.0,79.07366071428571,2.2122615606872187,345,113524.0,0.0663813395887247,345,113524.0
2390.0,319,32812.0,73.40492170022371,2.286129142789415,319,110302.0,0.07011857372863307,319,110302.0
2395.0,306,29062.0,64.4390243902439,2.5336413121312473,306,109268.0,0.07352528641522889,306,109268.0
2400.0,315,29335.0,64.75717439293598,2.634603994931683,315,108205.0,0.06953218587277875,315,108205.0
2405.0,301,25269.0,55.658590308370044,2.6639842287894013,301,107510.0,0.07409956063814559,301,107510.0
2410.0,309,24101.0,53.32079646017699,2.4725332247339695,309,108141.0,0.08058639355391299,309,108141.0
2415.0,273,20282.0,45.27232142857143,2.429459958066018,273,102603.0,0.08751545269649709,273,102603.0
2420.0,241,18895.0,41.89578713968958,2.5519512509919267,241,98516.0,0.08980961293766765,241,98516.0
2425.0,234,17582.0,38.72687224669603,2.89620442511001,234,94486.0,0.09734231435617091,234,94486.0
2430.0,239,17247.0,37.9054945054945,3.033477765086716,239,92818.0,0.09238070120319897,239,92818.0
2435.0,246,17483.0,38.172489082969435,3.5597551289415397,246,95164.0,0.09390067842452218,246,95164.0
2440.0,239,18332.0,39.67965367965368,4.134737108308876,239,95120.0,0.10704848590796742,239,95120.0
2445.0,239,19319.0,41.191897654584224,4.758543422126294,239,93543.0,0.11702418382670494,239,93543.0
2450.0,242,20337.0,42.63522012578616,5.397101758417819,242,93301.0,0.1260219987717426,242,93301.0
2455.0,263,21553.0,44.53099173553719,6.170638391928623,263,92535.0,0.1432746773302709,263,92535.0
2460.0,282,22825.0,47.06185567010309,6.335045828666318,282,93081.0,0.1433933548473776,282,93081.0
2465.0,298,24215.0,49.92783505154639,6.12759370394034,298,93567.0,0.14449374462589754,298,93567.0
2470.0,313,25714.0,52.90946502057613,5.925266657349232,313,94482.0,0.13128798825418228,313,94482.0
2475.0,320,27296.0,56.86666666666667,5.774237353437327,320,94825.0,0.12496241582458549,320,94825.0
2480.0,318,28484.0,60.347457627118644,5.370113469177385,318,95544.0,0.10656729120663637,318,95544.0
2485.0,319,29874.0,63.833333333333336,5.039996302911831,319,97049.0,0.09978765416887507,319,97049.0
2490.0,314,31106.0,67.91703056768559,4.3759376529554626,314,98143.0,0.08749478445430162,314,98143.0
2495.0,325,32585.0,70.99128540305011,4.398349723021549,325,100093.0,0.08957748648607058,325,100093.0
2500.0,336,34209.0,75.51655629139073,4.11813077949738,336,101255.0,0.08309799587841409,336,101255.0
2505.0,339,35870.0,81.33786848072562,3.7316871972636196,339,102172.0,0.08416459131400447,339,102172.0
2510.0,340,37466.0,85.15,3.66439315930873,340,103013.0,0.08730436743946349,340,103013.0
2515.0,345,39105.0,88.6734693877551,3.6732705895560818,345,104185.0,0.08475236125884184,345,104185.0
2520.0,337,40331.0,91.45351473922902,3.821107324691058,337,106182.0,0.09427538122826654,337,106182.0
2525.0,339,41690.0,93.68539325842697,3.787177644503333,339,107123.0,0.09711206345246229,339,107123.0
2530.0,346,42661.0,95.22544642857143,3.67559380893471,346,108277.0,0.08701979971584145,346,108277.0
2535.0,347,43459.0,96.14823008849558,3.7840441985306827,347,109386.0,0.08238873780985866,347,109386.0
2540.0,348,44657.0,98.79867256637168,3.5630192597417465,348,110777.0,0.08252194090900089,348,110777.0
2545.0,354,45357.0,100.56984478935698,3.136769024593443,354,112147.0,0.07854136767509719,354,112147.0
2550.0,351,43813.0,97.14634146341463,2.767338795934101,351,111634.0,0.083853857874151,351,111634.0
2555.0,352,43036.0,94.58461538461539,2.9173212980558665,352,113342.0,0.09130511996464631,352,113342.0
2560.0,353,42235.0,92.62061403508773,2.539126792000881,353,114260.0,0.08631719199443602,353,114260.0
2565.0,352,41404.0,90.79824561403508,2.441318310237627,352,115946.0,0.0855164452512686,352,115946.0
2570.0,357,41045.0,89.22826086956522,2.5636944867200637,357,117069.0,0.08888218403538051,357,117069.0
2575.0,360,41215.0,88.63440860215054,2.69856464649955,360,118258.0,0.08704718153333023,360,118258.0
2580.0,367,41473.0,87.68076109936575,2.805089027819449,367,119945.0,0.08425197760402492,367,119945.0
2585.0,378,42931.0,90.19117647058823,2.893111229471122,378,121202.0,0.08136388437999041,378,121202.0
2590.0,384,44381.0,92.65344467640918,2.938089806727221,384,122264.0,0.08754726463397956,384,122264.0
2595.0,385,44514.0,91.78144329896907,2.9950771499115016,385,123996.0,0.08769296253817314,385,123996.0
2600.0,369,38135.0,77.66802443991854,2.871051420645761,369,121846.0,0.0862133683018275,369,121846.0
2605.0,357,33009.0,66.81983805668017,2.87247370609645,357,121057.0,0.08814482219116274,357,121057.0
2610.0,341,28656.0,57.6579476861167,3.1948942011134744,341,119194.0,0.08769293300132755,341,119194.0
2615.0,325,25439.0,50.076771653543304,4.0463855615850415,325,116509.0,0.10344980676067662,325,116509.0
2620.0,316,24904.0,48.5458089668616,4.516363005090226,316,113926.0,0.11367739703032459,316,113926.0
2625.0,304,24213.0,46.38505747126437,4.903121806938703,304,111625.0,0.12747420122193984,304,111625.0
2630.0,294,24151.0,45.82732447817837,5.217827441366225,294,108988.0,0.12298513236873587,294,108988.0
2635.0,277,24808.0,46.45692883895131,5.799462956644615,277,106060.0,0.1346180175864541,277,106060.0
2640.0,285,26122.0,49.0093808630394,5.910105185315465,285,105449.0,0.1302965933261019,285,105449.0
2645.0,295,27571.0,52.02075471698113,5.884416388356195,295,104786.0,0.12213820766919217,295,104786.0
2650.0,306,29054.0,54.92249527410208,6.151875484138302,306,104988.0,0.12318126927914348,306,104988.0
2655.0,298,30213.0,57.54857142857143,6.307246246156562,298,104656.0,0.12117049097977191,298,104656.0
2660.0,303,31259.0,60.22928709055876,6.042605418208066,303,105277.0,0.11522538069946281,303,105277.0
2665.0,312,31744.0,62.12133072407045,5.483443945555788,312,104613.0,0.09984736157236225,312,104613.0
2670.0,317,31996.0,63.992,4.978510208182722,317,103815.0,0.09268545296582922,317,103815.0
2675.0,324,32708.0,66.47967479674797,4.708658454163478,324,103554.0,0.09560316632198736,324,103554.0
2680.0,326,33288.0,69.06224066390041,4.25495581540437,326,102754.0,0.08740545371985561,326,102754.0
2685.0,331,33969.0,72.42857142857143,3.877875711392009,331,101835.0,0.08964640438608455,331,101835.0
2690.0,331,34651.0,75.1648590021692,3.6131435785589225,331,100423.0,0.0805071574353095,331,100423.0
2695.0,335,35461.0,78.1079295154185,3.2514389108092674,335,100206.0,0.07235000103330237,335,100206.0
2700.0,332,36273.0,78.68329718004338,3.606254072630748,332,99041.0,0.09591370958218956,332,99041.0
2705.0,335,37284.0,80.7012987012987,3.557260545815989,335,100174.0,0.10020954167668815,335,100174.0
2710.0,331,37522.0,81.5695652173913,3.1416364863592,331,100761.0,0.09748597736484749,331,100761.0
2715.0,331,38024.0,82.3030303030303,3.230990584018353,331,101434.0,0.1078105622349551,331,101434.0
2720.0,328,38338.0,82.447311827957,3.2364716114852308,328,102692.0,0.10935610787065352,328,102692.0
2725.0,331,35418.0,75.5181236673774,3.1071661797892576,331,102864.0,0.0989740351872535,331,102864.0
2730.0,339,33162.0,70.25847457627118,2.9808594102171537,339,102871.0,0.09383502020669891,339,102871.0
2735.0,352,30448.0,64.64543524416136,2.58309680379965,352,103398.0,0.08760439051650265,352,103398.0
2740.0,353,28920.0,60.88421052631579,2.6539644613398083,353,105538.0,0.08960712844672301,353,105538.0
2745.0,363,26856.0,56.42016806722689,2.6046893438566436,363,105817.0,0.07966662858917238,363,105817.0
2750.0,354,26758.0,55.74583333333333,2.8503884608110166,354,107432.0,0.07892032132513906,354,107432.0
2755.0,355,25536.0,53.08939708939709,2.68335749361502,355,108008.0,0.07204793723819043,355,108008.0
2760.0,359,25828.0,53.1440329218107,2.9822451559340015,359,109221.0,0.07863949141404361,359,109221.0
2765.0,364,26776.0,54.64489795918367,3.2164731497751977,364,110073.0,0.08474506544185988,364,110073.0
2770.0,369,28487.0,57.90040650406504,3.2853109676359895,369,110700.0,0.08003126591337036,369,110700.0
2775.0,374,30321.0,62.00613496932515,3.1616861365640823,374,112207.0,0.07215605617251239,374,112207.0
2780.0,377,32147.0,65.7402862985685,3.358236696325643,377,113363.0,0.07306749764476371,377,113363.0
2785.0,380,33923.0,68.94918699186992,3.44698591003138,380,114894.0,0.07841544686689925,380,114894.0
2790.0,383,35810.0,72.34343434343434,3.459465953595098,383,116126.0,0.07240284090459614,383,116126.0
2795.0,385,37517.0,75.79191919191919,3.4512378118522293,385,117142.0,0.07334408138998422,385,117142.0
2800.0,375,38357.0,78.439672801636,3.1806607024993183,375,117671.0,0.06916396283665976,375,117671.0
2805.0,379,40028.0,82.19301848049281,3.363082745922973,379,118882.0,0.07324195405454262,379,118882.0
2810.0,379,41744.0,85.54098360655738,3.5003486237651495,379,119737.0,0.08101855529300679,379,119737.0
2815.0,379,42359.0,88.98949579831933,2.6351457619331713,379,121117.0,0.06876237473390519,379,121117.0
2820.0,353,38516.0,80.24166666666666,2.5468893825951815,353,117586.0,0.07347883673456408,353,117586.0
2825.0,339,36717.0,76.49375,2.2836325352725257,339,116560.0,0.06684659879242741,339,116560.0
2830.0,333,33194.0,69.29853862212944,2.318994852304942,333,115914.0,0.06887321825269752,333,115914.0
2835.0,316,30588.0,63.46058091286307,2.541166257466973,316,115614.0,0.08059074570279319,316,115614.0
2840.0,298,28728.0,59.23298969072165,3.1122889761745918,298,113092.0,0.09101040492468397,298,113092.0
2845.0,278,27150.0,55.864197530864196,3.4846921982117207,278,111488.0,0.10126775339859005,278,111488.0
2850.0,273,26922.0,54.830957230142566,4.2579349504609025,273,110789.0,0.11480164941266677,273,110789.0
2855.0,284,27633.0,56.39387755102041,4.632036418777939,284,109257.0,0.11645154783475704,284,109257.0
2860.0,294,28619.0,58.406122448979595,4.761899571072018,294,110237.0,0.11440567417884458,294,110237.0
2865.0,316,29903.0,60.41010101010101,4.6617880857833764,316,109281.0,0.1002274585933172,316,109281.0
2870.0,339,31176.0,62.602409638554214,4.434277353358581,339,107529.0,0.08073989305136609,339,107529.0
2875.0,348,31620.0,64.0080971659919,3.9265683172877877,348,105976.0,0.0672553433156018,348,105976.0
2880.0,352,32311.0,65.80651731160896,3.723328073387652,352,105333.0,0.06307483584152189,352,105333.0
2885.0,355,32954.0,67.52868852459017,3.5344856517695202,355,106468.0,0.06599688977875881,355,106468.0
2890.0,353,34045.0,71.52310924369748,2.9650303489298233,353,108998.0,0.0691109608320377,353,108998.0
2895.0,334,33763.0,71.68365180467092,2.8985042986774183,334,109606.0,0.07622843161219997,334,109606.0
2900.0,323,34656.0,73.57961783439491,3.1443051658465935,323,110001.0,0.09000278180636323,323,110001.0
2905.0,312,34512.0,73.11864406779661,3.3495568733448913,312,109415.0,0.09318003560122985,312,109415.0
2910.0,318,35666.0,76.2094017094017,3.293193604064719,318,109803.0,0.08972075699494794,318,109803.0
2915.0,330,36472.0,77.43524416135881,3.630355041694164,330,110610.0,0.0930782864265931,330,110610.0
2920.0,339,38005.0,80.51906779661017,3.7390367840579146,339,111311.0,0.0895633311697134,339,111311.0
2925.0,351,39468.0,83.79617834394904,3.583799662490052,351,111635.0,0.07889101311253822,351,111635.0
2930.0,357,40873.0,85.86764705882354,3.67073413866022,357,112680.0,0.07558816771377465,357,112680.0
2935.0,349,42216.0,88.50314465408805,3.8567239186059084,349,113844.0,0.07906792556619806,349,113844.0
2940.0,350,43370.0,91.88559322033899,3.448146533160412,350,114631.0,0.07698019274051546,350,114631.0
2945.0,352,45031.0,95.81063829787234,3.3719975281616956,352,115801.0,0.07760372971774003,352,115801.0
2950.0,364,46799.0,99.99786324786325,3.2348552446207743,364,117125.0,0.07110409846303244,364,117125.0
2955.0,353,46841.0,100.95043103448276,2.9547500083938503,353,118599.0,0.06975655439577065,353,118599.0
2960.0,367,48493.0,105.41956521739131,2.696872722162073,367,119533.0,0.06438451833232377,367,119533.0
2965.0,375,49800.0,108.73362445414847,2.426032053865347,375,120509.0,0.05798974881044169,375,120509.0
2970.0,370,50702.0,111.92494481236203,2.334345218833159,370,121481.0,0.05287460763034725,370,121481.0
2975.0,372,51927.0,116.16778523489933,2.04253338112435,372,123033.0,0.046776900664596416,372,123033.0
2980.0,375,53640.0,120.53932584269663,1.9526677578717668,375,124188.0,0.042446387048449774,375,124188.0
2985.0,381,55360.0,123.84787472035794,2.1668139557480157,381,125361.0,0.054926333738104065,381,125361.0
2990.0,379,56549.0,126.7914798206278,2.2193350443906255,379,127053.0,0.061953849893907606,379,127053.0
2995.0,371,55929.0,125.68314606741573,2.014134059338643,371,128958.0,0.06123739881881743,371,128958.0
3000.0,372,56815.0,127.10290827740492,2.039823088251453,372,130296.0,0.06503876154274367,372,130296.0
3005.0,373,57179.0,128.49213483146067,1.7877519803718644,373,131543.0,0.05215865187594831,373,131543.0
3010.0,381,57923.0,129.58165548098435,1.7146414804885743,381,132753.0,0.04937789134458165,381,132753.0
3015.0,387,59680.0,131.45374449339207,1.8718061367005747,387,134043.0,0.05555679781709316,387,134043.0
3020.0,392,60533.0,132.74780701754386,1.911219918541834,392,134804.0,0.052179356821921076,392,134804.0
3025.0,371,57195.0,125.98017621145374,1.7051612567539762,371,133545.0,0.048968489817046275,371,133545.0
3030.0,349,54981.0,120.83736263736263,2.0253204833412832,349,132721.0,0.061149181822681184,349,132721.0
3035.0,332,52840.0,115.87719298245614,2.274018656562974,332,131037.0,0.06848190573182067,332,131037.0
3040.0,319,51025.0,110.68329718004338,2.6242176535104975,319,131649.0,0.07677491596342095,319,131649.0
3045.0,316,48255.0,104.44805194805195,2.6987311581439815,316,129939.0,0.07748397575459058,316,129939.0
3050.0,316,45450.0,97.53218884120172,2.9567641434797,316,128824.0,0.08345833106829785,316,128824.0
3055.0,319,43562.0,93.08119658119658,3.1594111482444385,319,127178.0,0.08656348384400414,319,127178.0
3060.0,322,41355.0,88.17697228144989,3.198500006039972,322,125540.0,0.08070745595459035,322,125540.0
3065.0,319,39356.0,83.73617021276596,3.3123411062953263,319,123565.0,0.07945407505127132,319,123565.0
3070.0,319,38250.0,82.4353448275862,3.028674492772083,319,120780.0,0.07084417949622807,319,120780.0
3075.0,324,38203.0,82.33405172413794,2.9026610321334694,324,120832.0,0.07141317099506868,324,120832.0
3080.0,301,38437.0,83.37744034707158,2.9937006264206745,301,120116.0,0.08251458229280081,301,120116.0
3085.0,284,39113.0,85.21350762527233,3.2488344203684085,284,118327.0,0.08733571994940695,284,118327.0
3090.0,272,39861.0,87.6065934065934,3.2240276607256275,272,116691.0,0.08235170199222173,272,116691.0
3095.0,266,40592.0,90.40534521158129,3.30909850128532,266,115669.0,0.0750220736813978,266,115669.0
3100.0,278,41270.0,90.90308370044053,3.8161977834648297,278,116751.0,0.08541445570298048,278,116751.0
3105.0,284,40005.0,88.5066371681416,3.797041308456693,284,116076.0,0.08060955946200817,284,116076.0
3110.0,293,38038.0,84.34146341463415,3.651947013122696,293,115620.0,0.0664630326492593,293,115620.0
3115.0,296,37141.0,82.35254988913526,3.7096892191038218,296,114915.0,0.06092747114405055,296,114915.0
3120.0,307,36729.0,81.984375,3.5657258735057225,307,115352.0,0.0591403306813492,307,115352.0
3125.0,319,37206.0,85.1395881006865,2.798234970508152,319,116312.0,0.04751967798231476,319,116312.0
3130.0,325,37832.0,88.18648018648018,2.2168793609368214,325,115916.0,0.03883278891598047,325,115916.0
3135.0,326,38963.0,91.89386792452831,2.211744385703456,326,115253.0,0.04192072519110271,326,115253.0
3140.0,339,40253.0,95.38625592417061,2.14390344500952,339,117377.0,0.04068842443641124,339,117377.0
3145.0,345,41507.0,100.2584541062802,2.1591227319988007,345,117385.0,0.04477007410260489,345,117385.0
3150.0,338,42054.0,101.57971014492753,2.073192771847601,338,118505.0,0.045140202047670226,338,118505.0
3155.0,342,43183.0,103.80528846153847,2.127983466518011,342,119396.0,0.04778708956592775,342,119396.0
3160.0,349,44864.0,106.81904761904762,2.1967392782623936,349,118675.0,0.04670495684044054,349,118675.0
3165.0,340,44607.0,106.97122302158273,1.9658889549970167,340,118140.0,0.03812285020741128,340,118140.0
3170.0,334,43605.0,104.81971153846153,1.9261141839815477,334,118801.0,0.03507392427935902,334,118801.0
3175.0,338,43396.0,104.56867469879518,2.131958709592234,338,120232.0,0.04291538745057408,338,120232.0
3180.0,337,43269.0,104.01201923076923,2.2671417428506824,337,120040.0,0.04548918011383857,337,120040.0
3185.0,345,43218.0,103.39234449760765,2.442679102139652,345,120273.0,0.05353935211273608,345,120273.0
3190.0,337,43358.0,104.47710843373494,2.2040836957006507,337,117523.0,0.04746511522194679,337,117523.0
3195.0,312,42724.0,102.45563549160671,2.3137681245875172,312,112819.0,0.057039894126512475,312,112819.0
3200.0,299,41906.0,100.73557692307692,2.266490832322776,299,109201.0,0.05558758296671572,299,109201.0
3205.0,277,32519.0,78.17067307692308,2.6311428798271597,277,106516.0,0.07778263602354489,277,106516.0
3210.0,257,26913.0,64.85060240963855,2.6810702021067674,257,105538.0,0.08561159252954653,257,105538.0
3215.0,233,19141.0,46.45873786407767,2.5950212337681187,233,103946.0,0.0888857504361524,233,103946.0
3220.0,215,18148.0,43.83574879227053,2.9368575307462477,215,101723.0,0.10031757921558225,215,101723.0
3225.0,213,17411.0,41.752997601918466,3.4653738384388344,213,100258.0,0.10604533031052507,213,100258.0
3230.0,202,18021.0,43.11244019138756,3.8824074208723087,202,97724.0,0.10880037161945692,202,97724.0
3235.0,218,18594.0,44.483253588516746,4.005183364400946,218,98294.0,0.10296429618978516,218,98294.0
3240.0,225,18005.0,42.86904761904762,4.102098764967295,225,96633.0,0.1015292617539622,225,96633.0
3245.0,232,17860.0,42.322274881516584,4.421118276601165,232,95193.0,0.10598584801168147,232,95193.0
3250.0,235,17735.0,41.63145539906103,4.616775249323164,235,93050.0,0.11079036381215071,235,93050.0
3255.0,243,17710.0,41.18604651162791,4.809536667456037,243,90825.0,0.11070298679579652,243,90825.0
3260.0,252,17789.0,41.36976744186047,4.6426757353744526,252,88120.0,0.11507388892379435,252,88120.0
3265.0,261,18346.0,42.764568764568764,4.343278116630651,261,87692.0,0.10759021506443708,261,87692.0
3270.0,265,19114.0,44.974117647058826,3.962155432232307,265,86910.0,0.09887661888492552,265,86910.0
3275.0,268,19947.0,46.49650349650349,3.890730356563306,268,87527.0,0.10957123447139866,268,87527.0
3280.0,252,20085.0,47.59478672985782,3.4702675423381955,252,87790.0,0.09564326069693897,252,87790.0
3285.0,255,20816.0,49.79904306220096,3.4570033653011145,255,89029.0,0.09289341865479432,255,89029.0
3290.0,267,21918.0,52.56115107913669,3.6194496200384947,267,89647.0,0.09542060352771725,267,89647.0
3295.0,270,23084.0,55.22488038277512,3.8684634144918677,270,90183.0,0.08769382510319487,270,90183.0
3300.0,282,24316.0,58.45192307692308,4.1060977660018585,282,90661.0,0.08807479440950257,282,90661.0
3305.0,281,25494.0,61.43132530120482,4.237031232057786,281,90686.0,0.08475677113280262,281,90686.0
3310.0,284,26607.0,64.89512195121951,4.341137832303618,284,91208.0,0.07889610881403061,284,91208.0
3315.0,288,27823.0,68.5295566502463,4.325021052240844,288,92257.0,0.06360326772409983,288,92257.0
3320.0,287,28915.0,71.2192118226601,4.424317083848604,287,93194.0,0.06378712018056652,287,93194.0
3325.0,293,30186.0,75.465,4.1683237772516595,293,94079.0,0.0746900371299257,293,94079.0
3330.0,301,31614.0,79.63224181360202,3.942976209065052,301,95158.0,0.07570050099479768,301,95158.0
3335.0,304,33072.0,83.30478589420655,4.039654132890929,304,96293.0,0.07533020343907743,304,96293.0
3340.0,311,34350.0,89.22077922077922,3.0375110546457527,311,97475.0,0.06617826884759294,311,97475.0
3345.0,304,34605.0,89.1881443298969,3.047454984073074,304,97973.0,0.08247024546814899,304,97973.0
3350.0,294,34936.0,89.80976863753213,2.9289282270787838,294,98839.0,0.08577410491182738,294,98839.0
3355.0,302,35206.0,91.92167101827677,2.6998304065089194,302,99795.0,0.08094456965433044,302,99795.0
3360.0,301,35640.0,93.05483028720627,2.73893282691069,301,99372.0,0.08834112394250597,301,99372.0
3365.0,294,35861.0,93.87696335078535,2.611523095530801,294,99327.0,0.08762709242810261,294,99327.0
3370.0,287,36060.0,94.3979057591623,2.5883755143074625,287,100217.0,0.08490619852404008,287,100217.0
3375.0,290,35706.0,92.26356589147287,2.453753927594597,290,99515.0,0.06881173648571653,290,99515.0
3380.0,286,35567.0,90.96419437340154,2.4008354616186214,286,101085.0,0.06207756551024086,286,101085.0
3385.0,277,35744.0,91.18367346938776,2.5676132297033774,277,101642.0,0.06928723192643331,277,101642.0
3390.0,274,36052.0,91.735368956743,2.5980136543529584,274,104040.0,0.07736894381391611,274,104040.0
3395.0,289,35003.0,87.94723618090453,2.735147403811592,289,105229.0,0.07314379201545683,289,105229.0
3400.0,269,26330.0,66.32241813602015,2.6187930503380517,269,101705.0,0.07348178106514082,269,101705.0
3405.0,242,19341.0,48.595477386934675,2.9994973242495604,242,99625.0,0.08776937623811895,242,99625.0
3410.0,223,12981.0,32.53383458646616,3.377090444900206,223,95425.0,0.09593865451011813,223,95425.0
3415.0,205,7724.0,19.11881188118812,4.172298751538547,205,91480.0,0.10881387680371643,205,91480.0
3420.0,194,6536.0,16.13827160493827,5.087139345170179,194,86969.0,0.12652079935150068,194,86969.0
3425.0,188,5481.0,13.668329177057357,5.725382787670914,188,83680.0,0.13430454762445754,188,83680.0
3430.0,183,5441.0,13.56857855361596,6.398094095658442,183,80514.0,0.1493862497477614,183,80514.0
3435.0,190,5950.0,14.691358024691358,7.2456538509349855,190,77954.0,0.16320133297884132,190,77954.0
3440.0,186,6482.0,15.926289926289927,7.737009066920123,186,75964.0,0.16868202418097128,186,75964.0
3445.0,196,6864.0,17.246231155778894,6.897687738920577,196,76503.0,0.13263712572841785,196,76503.0
3450.0,207,6708.0,17.333333333333332,6.032500323620845,207,77137.0,0.10174889482188744,207,77137.0
3455.0,214,6862.0,18.010498687664043,5.466547034278262,214,77931.0,0.08780742118047187,214,77931.0
3460.0,216,7025.0,18.78342245989305,4.913489967279863,216,79602.0,0.07655465632239278,216,79602.0
3465.0,231,7877.0,21.28918918918919,4.91769079609533,231,80118.0,0.08004388602536687,231,80118.0
3470.0,234,8630.0,23.579234972677597,4.917402582806162,234,81079.0,0.09296162058521515,234,81079.0
3475.0,240,9376.0,26.189944134078214,4.488823615348887,240,79289.0,0.08440133501554051,240,79289.0
3480.0,240,10307.0,29.703170028818445,3.9203099959167487,240,80178.0,0.07686724098183743,240,80178.0
3485.0,242,10891.0,31.65988372093023,3.7721623372973183,242,79234.0,0.06651092105195743,242,79234.0
3490.0,251,11657.0,34.590504451038576,3.449237040419425,251,79516.0,0.06748357384463995,251,79516.0
3495.0,242,12252.0,37.24012158054711,3.177589350180787,242,78697.0,0.07006598955806329,242,78697.0
3500.0,242,13277.0,41.361370716510905,3.12520685018336,242,78764.0,0.07131847115069184,242,78764.0
3505.0,247,14142.0,44.19375,3.113983259082645,247,77915.0,0.06914282821655394,247,77915.0
3510.0,229,14041.0,43.20307692307692,3.704003589409354,229,75939.0,0.0942697846345309,229,75939.0
3515.0,204,13078.0,40.24,3.69124824821144,204,73261.0,0.10425372678213182,204,73261.0
3520.0,198,13171.0,39.912121212121214,4.104811293049529,198,73854.0,0.12277234527920133,198,73854.0
3525.0,202,13904.0,42.13333333333333,4.037753740948213,202,73768.0,0.12118912377112613,202,73768.0
3530.0,208,14578.0,44.31003039513678,3.7395264947584934,208,73879.0,0.10985299209482804,208,73879.0
3535.0,202,15194.0,46.323170731707314,3.732824788577049,202,72624.0,0.10405283717622893,202,72624.0
3540.0,204,15650.0,47.85932721712538,3.6564377028110577,204,71876.0,0.10985843624538824,204,71876.0
3545.0,192,15997.0,49.68012422360248,3.121525848724065,192,68849.0,0.10347945464744886,192,68849.0
3550.0,190,16804.0,51.864197530864196,3.3924776248696467,190,64775.0,0.11493791789886476,190,64775.0
3555.0,199,17737.0,53.74848484848485,3.602298213766347,199,64439.0,0.12543893073612514,199,64439.0
3560.0,194,18666.0,55.71940298507463,4.009414579391253,194,64907.0,0.14589426453080262,194,64907.0
3565.0,195,19538.0,58.322388059701495,3.7281430280844194,195,65840.0,0.12959564338303237,195,65840.0
3570.0,194,20416.0,59.87096774193548,4.107804118681357,194,63627.0,0.13209580489887485,194,63627.0
3575.0,199,21370.0,62.30320699708455,4.107711993404498,199,62166.0,0.13132204888378857,199,62166.0
3580.0,215,22372.0,65.41520467836257,3.7040858449557392,215,64311.0,0.1158692115558663,215,64311.0
3585.0,213,23361.0,68.30701754385964,3.422270635980281,213,65873.0,0.1075470101754577,213,65873.0
3590.0,217,24402.0,72.40949554896143,2.9517454072939793,217,66864.0,0.09856378883658458,217,66864.0
3595.0,225,24365.0,71.66176470588235,2.833069479806335,225,68709.0,0.09795228022213856,225,68709.0
3600.0,205,20854.0,61.15542521994135,2.8728419035493404,205,67664.0,0.09458648945621471,205,67664.0
3605.0,187,19240.0,56.0932944606414,3.1846284692779583,187,66990.0,0.09401064717489643,187,66990.0
3610.0,184,18502.0,53.78488372093023,3.6581658109539834,184,64971.0,0.11107115144716859,184,64971.0
3615.0,175,18205.0,53.075801749271136,4.108132293514306,175,64923.0,0.12174123905938078,175,64923.0
3620.0,178,18267.0,53.25655976676385,4.283593053160868,178,65713.0,0.11547891411859282,178,65713.0
3625.0,180,18382.0,53.748538011695906,4.733872156693574,180,65229.0,0.11136633663878431,180,65229.0
3630.0,169,18613.0,53.95072463768116,5.428798893723494,169,66665.0,0.1131533971555906,169,66665.0
3635.0,167,18996.0,54.74351585014409,6.025454714828486,167,67528.0,0.1137022894414093,167,67528.0
3640.0,174,19567.0,56.389048991354464,6.155009991161103,174,68173.0,0.1076251131530505,174,68173.0
3645.0,178,20251.0,58.698550724637684,6.298625430519127,178,68197.0,0.11334108259457815,178,68197.0
3650.0,175,20415.0,59.518950437317784,6.269430189589575,175,68835.0,0.12192430119387862,175,68835.0
3655.0,185,18585.0,55.810810810810814,5.357033900839183,185,66984.0,0.11102233523555155,185,66984.0
3660.0,192,17322.0,53.29846153846154,4.638061493868846,192,66483.0,0.11271586579060462,192,66483.0
3665.0,201,16071.0,50.06542056074766,4.232698770210037,201,64989.0,0.10975326270884588,201,64989.0
3670.0,190,15472.0,49.58974358974359,3.8120714565287974,190,63275.0,0.10938069329469356,190,63275.0
3675.0,193,15760.0,51.33550488599349,3.563791265786958,193,63151.0,0.1053956552632937,193,63151.0
3680.0,200,16549.0,53.90553745928339,3.6204129644236507,200,61623.0,0.1021761419966647,200,61623.0
3685.0,208,17498.0,57.37049180327869,3.731331255250412,208,61308.0,0.10163936541169975,208,61308.0
3690.0,218,18566.0,60.87213114754098,3.87951945184402,218,61051.0,0.09551975866729819,218,61051.0
3695.0,218,18149.0,60.09602649006622,3.7433602698290973,218,61479.0,0.09169900199802578,218,61479.0
3700.0,195,12105.0,40.35,3.544877285943334,195,58360.0,0.08085573574896196,195,58360.0
3705.0,179,9042.0,30.14,3.839882849360797,179,57137.0,0.0953806565762342,179,57137.0
3710.0,178,7861.0,26.29096989966555,3.9070249085873883,178,57016.0,0.09503244855743,178,57016.0
3715.0,189,7675.0,25.84175084175084,3.938707463299376,189,56076.0,0.10099586487132467,189,56076.0
3720.0,197,7514.0,25.046666666666667,3.7440456065413543,197,55706.0,0.08717446933080757,197,55706.0
3725.0,199,7492.0,24.807947019867548,3.6511017619842896,199,54289.0,0.08774237492515206,199,54289.0
3730.0,200,7833.0,26.023255813953487,3.663977093474938,200,52810.0,0.08590349775350337,200,52810.0
3735.0,199,8299.0,27.755852842809364,4.062184110660847,199,51267.0,0.09653954909679588,199,51267.0
3740.0,188,7891.0,26.391304347826086,4.21045511735653,188,50224.0,0.1028349476994507,188,50224.0
3745.0,170,7002.0,24.144827586206898,3.6807803765072706,170,48673.0,0.10893030180190925,170,48673.0
3750.0,167,7234.0,24.60544217687075,4.009675564681028,167,46776.0,0.11593231004607137,167,46776.0
3755.0,166,7761.0,26.043624161073826,4.26584995249484,166,44996.0,0.12199101298606362,166,44996.0
3760.0,168,8458.0,28.671186440677968,4.093841684357156,168,44294.0,0.13030603154871317,168,44294.0
3765.0,170,9132.0,30.644295302013422,4.3767490743622295,170,43752.0,0.13096724156963935,170,43752.0
3770.0,171,9891.0,33.191275167785236,4.336169307557175,171,41769.0,0.1344380139379951,171,41769.0
3775.0,174,10685.0,35.735785953177256,4.250009645503245,174,40882.0,0.12163490774225318,174,40882.0
3780.0,172,11444.0,38.40268456375839,4.160019656407477,172,38426.0,0.12087866660419436,172,38426.0
3785.0,176,12224.0,40.74666666666667,4.299906147761386,176,36660.0,0.12376454520856994,176,36660.0
3790.0,175,12351.0,41.30769230769231,4.002107474166556,175,37500.0,0.10970725135497002,175,37500.0
3795.0,161,10965.0,36.06907894736842,4.507659167825516,161,37095.0,0.12670895047707426,161,37095.0
3800.0,163,10191.0,33.19543973941368,4.745337777462407,163,36930.0,0.1284311508248427,163,36930.0
3805.0,171,10006.0,33.023102310231025,4.711123099689739,171,36578.0,0.11601266541931922,171,36578.0
3810.0,170,10034.0,33.115511551155116,4.804443537864886,170,36391.0,0.11869052334901116,170,36391.0
3815.0,171,9896.0,32.87707641196013,4.761007031303823,171,36309.0,0.1077713468227939,171,36309.0
3820.0,171,10086.0,33.28712871287129,5.1838059181296625,171,36848.0,0.1138742171107984,171,36848.0
3825.0,164,10155.0,33.737541528239205,5.252171949774122,164,37311.0,0.12505178780267084,164,37311.0
3830.0,152,10005.0,33.23920265780731,5.196395724646024,152,36905.0,0.10254025613086612,152,36905.0
3835.0,146,9927.0,33.53716216216216,4.748010100588888,146,36524.0,0.08937634537568523,146,36524.0
3840.0,142,9844.0,33.369491525423726,4.4940901020898565,142,35127.0,0.09813790718755538,142,35127.0
3845.0,142,10167.0,34.81849315068493,4.465214348217472,142,34039.0,0.11340824544355155,142,34039.0
3850.0,145,10660.0,36.63230240549828,4.521880245940555,145,33963.0,0.12562582994772753,145,33963.0
3855.0,152,11307.0,39.813380281690144,3.841210853145563,152,33035.0,0.1101209261792462,152,33035.0
3860.0,162,12061.0,43.075,3.35059198392334,162,33416.0,0.0857039602172971,162,33416.0
3865.0,174,12831.0,46.48913043478261,2.945741909691015,174,34195.0,0.06971396231216334,174,34195.0
3870.0,180,13619.0,49.7043795620438,3.033258483691574,180,35164.0,0.07516920719126807,180,35164.0
3875.0,188,14321.0,52.26642335766423,3.1396098338707157,188,36046.0,0.07778121451327134,188,36046.0
3880.0,171,14338.0,52.52014652014652,3.1210979023066017,171,36297.0,0.07839503960763713,171,36297.0
3885.0,152,14290.0,52.34432234432234,3.325441719042659,152,36450.0,0.08260601916824967,152,36450.0
3890.0,145,14332.0,53.67790262172284,2.7954910734718394,145,36119.0,0.07265686322889121,145,36119.0
3895.0,142,14656.0,54.89138576779026,3.0445065146551165,142,35603.0,0.06415014205052905,142,35603.0
3900.0,129,14886.0,56.38636363636363,3.3261408552240392,129,35439.0,0.06865433212272504,129,35439.0
3905.0,123,15244.0,58.18320610687023,3.870859211159521,123,35290.0,0.0905092284091965,123,35290.0
3910.0,119,15705.0,60.40384615384615,4.4555191199461,119,34853.0,0.11262534433372054,119,34853.0
3915.0,121,16163.0,61.9272030651341,5.154964239072449,121,34787.0,0.11972779314349016,121,34787.0
3920.0,119,16682.0,64.16153846153846,5.575590796486797,119,34824.0,0.12606485990993418,119,34824.0
3925.0,117,17204.0,66.68217054263566,5.820311453953626,117,34840.0,0.12642577958843843,117,34840.0
3930.0,121,17780.0,68.91472868217055,6.1611469372271195,121,34896.0,0.13707156345079774,121,34896.0
3935.0,126,18399.0,71.03861003861005,6.358733354691443,126,35240.0,0.15768128527383304,126,35240.0
3940.0,133,19053.0,74.13618677042801,6.71010845655079,133,35656.0,0.15202437173861186,133,35656.0
3945.0,141,19714.0,77.61417322834646,6.098350785709214,141,36170.0,0.11166955412813555,141,36170.0
3950.0,142,20388.0,81.552,5.852922747113722,142,36719.0,0.09163215721967029,142,36719.0
3955.0,144,21096.0,86.81481481481481,5.265799703470968,144,37298.0,0.07496115740441868,144,37298.0
3960.0,143,21804.0,94.3896103896104,4.910480971023294,143,37747.0,0.06642562478549535,143,37747.0
3965.0,142,22445.0,101.1036036036036,4.712508063942655,142,38299.0,0.06769852224623045,142,38299.0
3970.0,142,23138.0,106.13761467889908,4.5522001890462525,142,38866.0,0.06681450642880585,142,38866.0
3975.0,147,23859.0,113.07582938388626,3.9835905686191615,147,39450.0,0.06102435087557827,147,39450.0
3980.0,148,24597.0,119.40291262135922,3.697253193439671,148,39992.0,0.04939525972640825,148,39992.0
3985.0,152,25350.0,126.11940298507463,3.9197484066907924,152,40658.0,0.0536093453179153,152,40658.0
3990.0,147,24420.0,122.71356783919597,3.953346178558517,147,41410.0,0.05933126398347123,147,41410.0
3995.0,114,16846.0,85.94897959183673,4.196154830892772,114,36745.0,0.07043675733746563,114,36745.0
4000.0,90,11437.0,59.259067357512954,4.949274081336868,90,32287.0,0.09242222913037651,90,32287.0
4005.0,79,8461.0,44.29842931937173,5.5932616609511285,79,26952.0,0.10912277534452935,79,26952.0
4010.0,77,8111.0,42.689473684210526,6.584566699318499,77,21954.0,0.12504858472202768,77,21954.0
4015.0,75,8287.0,44.79459459459459,7.3829379166035025,75,18101.0,0.14066019129156263,75,18101.0
4020.0,74,8649.0,48.86440677966102,7.802987565853147,74,15505.0,0.10261102148578473,74,15505.0
4025.0,78,8695.0,50.26011560693642,7.812479694818155,78,15882.0,0.07919339914505191,78,15882.0
4030.0,79,8218.0,48.058479532163744,8.24008630215546,79,15619.0,0.07806014556644014,79,15619.0
4035.0,73,7862.0,46.79761904761905,8.445970747881441,73,15648.0,0.06981917117962255,73,15648.0
4040.0,72,7588.0,47.130434782608695,7.785451470664485,72,16008.0,0.0689960519203214,72,16008.0
4045.0,76,7465.0,46.9496855345912,7.886635421082854,76,15870.0,0.09317663387568985,76,15870.0
4050.0,72,7456.0,49.70666666666666,7.106118278230795,72,15250.0,0.1016083318558109,72,15250.0
4055.0,68,7311.0,52.22142857142857,6.136190121253071,68,15597.0,0.11320069592340214,68,15597.0
4060.0,66,7159.0,53.42537313432836,6.2028483943230075,66,15752.0,0.12749919363711723,66,15752.0
4065.0,61,6871.0,53.263565891472865,6.3537720505203055,61,15773.0,0.15341962699740969,61,15773.0
4070.0,57,6806.0,53.59055118110236,6.541521310126956,57,15068.0,0.16091372592680295,57,15068.0
4075.0,54,6788.0,57.52542372881356,5.632678025626968,54,15350.0,0.15381238816724213,54,15350.0
4080.0,47,6532.0,58.32142857142857,5.296475563664354,47,14122.0,0.13293464564663673,47,14122.0
4085.0,47,6526.0,59.32727272727273,5.781772181381633,47,13611.0,0.1405819452879238,47,13611.0
4090.0,46,6604.0,61.7196261682243,6.298445537580283,46,13323.0,0.13474438385659718,46,13323.0
4095.0,50,6826.0,63.794392523364486,6.338171874093248,50,13566.0,0.13054399557302587,50,13566.0
4100.0,52,6995.0,64.76851851851852,6.347259002216343,52,13457.0,0.11754465125706992,52,13457.0
4105.0,56,7185.0,68.42857142857143,5.921617561123593,56,13492.0,0.1064962812650762,56,13492.0
4110.0,56,7405.0,72.59803921568627,5.700980967254141,56,13227.0,0.10405416514760693,56,13227.0
4115.0,56,7622.0,76.22,5.818597551423465,56,12827.0,0.0957654845123062,56,12827.0
4120.0,53,7858.0,78.58,6.459162663968219,53,12747.0,0.09887167513819077,53,12747.0
4125.0,50,8062.0,85.76595744680851,5.790729366745106,50,12675.0,0.11105625074576016,50,12675.0
4130.0,52,8318.0,91.4065934065934,5.530780823282072,52,12608.0,0.11212385754131068,52,12608.0
4135.0,53,8580.0,95.33333333333333,5.8590040428373715,53,12503.0,0.10519661575873594,53,12503.0
4140.0,53,8845.0,101.66666666666667,5.828187990249041,53,12320.0,0.09460987082337045,53,12320.0
4145.0,53,9110.0,107.17647058823529,5.581353586951161,53,12158.0,0.07016882049164495,53,12158.0
4150.0,55,9382.0,111.69047619047619,5.60412634674052,55,12219.0,0.032644409138691835,55,12219.0
4155.0,51,9462.0,114.0,5.573779959106737,51,12418.0,0.03701182560803521,51,12418.0
4160.0,45,9342.0,122.92105263157895,4.716737051072224,45,12185.0,0.052126235126274394,45,12185.0
4165.0,44,8454.0,114.24324324324324,4.573370171688048,44,12405.0,0.05014129667550269,44,12405.0
4170.0,36,5218.0,70.51351351351352,5.255621339804,36,10555.0,0.07445048237607221,36,10555.0
4175.0,36,3635.0,49.12162162162162,5.785403065938994,36,10719.0,0.1178276367587463,36,10719.0
4180.0,35,2733.0,36.932432432432435,6.473538054361,35,10429.0,0.14613390251852112,35,10429.0
4185.0,31,2780.0,38.611111111111114,6.669462012475902,31,10593.0,0.14950566964160586,31,10593.0
4190.0,29,2840.0,40.57142857142857,6.749053735850196,29,8693.0,0.14736235461990413,29,8693.0
4195.0,30,2963.0,42.94202898550725,7.430952169254703,30,8033.0,0.16139217341006373,30,8033.0
4200.0,30,3082.0,44.02857142857143,7.483948333222878,30,8185.0,0.1734183708412968,30,8185.0
4205.0,31,3170.0,47.3134328358209,7.055591752948596,31,7943.0,0.14835318985194518,31,7943.0
4210.0,32,3273.0,50.353846153846156,6.430058607814416,32,8101.0,0.12900713985102957,32,8101.0
4215.0,31,3377.0,52.765625,6.274537092448384,31,6799.0,0.13216330682390406,31,6799.0
4220.0,29,3492.0,56.32258064516129,5.709559830898793,29,6953.0,0.10647041807447935,29,6953.0
4225.0,29,3599.0,57.12698412698413,6.671558430963932,29,6754.0,0.11730448336753983,29,6754.0
4230.0,29,3720.0,60.0,6.869769597089987,29,6900.0,0.10638514117838828,29,6900.0
4235.0,30,3838.0,67.33333333333333,5.869287114398405,30,6122.0,0.1076167258747756,30,6122.0
4240.0,29,3963.0,70.76785714285714,6.561159704582936,29,6267.0,0.11793099123261698,29,6267.0
4245.0,28,4071.0,72.69642857142857,6.931162072544394,28,6151.0,0.08665539610458882,28,6151.0
4250.0,30,4217.0,75.30357142857143,7.90210264657688,30,6221.0,0.10041722709342678,30,6221.0
4255.0,33,4361.0,85.50980392156863,6.257968774658195,33,6380.0,0.06197140388861333,33,6380.0
4260.0,29,4450.0,90.81632653061224,5.946353399406904,29,5708.0,0.0820214546970151,29,5708.0
4265.0,25,3061.0,63.770833333333336,5.435667477642866,25,5851.0,0.061163464704736735,25,5851.0
4270.0,10,345.0,7.1875,6.8051646973884985,10,3131.0,0.1597938529260011,10,3131.0
4275.0,13,260.0,5.777777777777778,6.459912625417189,13,3187.0,0.15873028879574924,13,3187.0
4280.0,19,169.0,3.6739130434782608,7.437702382207188,19,2925.0,0.16451439489008188,19,2925.0
4285.0,20,237.0,5.1521739130434785,8.353746398213305,20,3025.0,0.15024238784362445,20,3025.0
4290.0,19,301.0,6.404255319148936,9.671283686777278,19,3022.0,0.16895288427264302,19,3022.0
4295.0,14,273.0,6.204545454545454,9.942030441911255,14,3116.0,0.1699333059622716,14,3116.0
4300.0,7,163.0,3.7045454545454546,11.470731854267468,7,1750.0,0.25660848210204856,7,1750.0
4305.0,11,190.0,4.523809523809524,12.158572082090922,11,1796.0,0.2333765886265496,11,1796.0
4310.0,12,249.0,6.073170731707317,13.157940980769412,12,1780.0,0.24729169600628986,12,1780.0
4315.0,10,268.0,7.6571428571428575,10.922977506798146,10,1758.0,0.28600581140727976,10,1758.0
4320.0,11,320.0,9.696969696969697,10.906414225473853,11,1796.0,0.3074824297344339,11,1796.0
4325.0,11,375.0,12.096774193548388,10.813581356070344,11,1851.0,0.2628662148309931,11,1851.0
4330.0,11,430.0,14.333333333333334,11.350888528956965,11,1906.0,0.26258791046009017,11,1906.0
4335.0,11,485.0,17.321428571428573,12.389440046880368,11,1961.0,0.27172888726899697,11,1961.0
4340.0,12,543.0,20.884615384615383,11.226389491851451,12,2019.0,0.24695537626599703,12,2019.0
4345.0,12,603.0,25.125,9.690779454848327,12,2079.0,0.22413218708960733,12,2079.0
4350.0,12,663.0,25.5,11.886796029044632,12,2139.0,0.28132727589157236,12,2139.0
4355.0,13,726.0,30.25,11.052453739313686,13,2202.0,0.1842880707622928,13,2202.0
4360.0,10,616.0,30.8,9.45626454818691,10,1990.0,0.25009015588846023,10,1990.0
4365.0,5,424.0,21.2,10.070857667415615,5,1402.0,0.3543753769232466,5,1402.0
4370.0,8,349.0,15.863636363636363,10.445418529147826,8,1433.0,0.30888343904470456,8,1433.0
4375.0,6,67.0,3.1904761904761907,9.181014004542625,6,616.0,0.3246162720116941,6,616.0
4380.0,7,92.0,4.6,9.113352738769729,7,651.0,0.3055888411515396,7,651.0
4385.0,8,132.0,6.285714285714286,9.410928386810987,8,681.0,0.3381142195481749,8,681.0
4390.0,8,162.0,7.714285714285714,8.282774828364378,8,721.0,0.25429955220244943,8,721.0
4395.0,7,185.0,8.409090909090908,9.944812183218438,7,325.0,0.3332834331936461,7,325.0
4400.0,8,221.0,10.045454545454545,10.44680728573055,8,361.0,0.3279334863596262,8,361.0
4405.0,8,261.0,11.863636363636363,10.134230534472435,8,401.0,0.3641902870838459,8,401.0
4410.0,8,301.0,13.681818181818182,10.572616934125845,8,441.0,0.3785357558603541,8,441.0
4415.0,8,341.0,16.238095238095237,10.30280227359264,8,481.0,0.3785641451361566,8,481.0
4420.0,8,381.0,18.142857142857142,9.624941897043938,8,521.0,0.3784033664562391,8,521.0
4425.0,9,423.0,22.263157894736842,7.297962409361776,9,563.0,0.1739842725691883,9,563.0
4430.0,11,477.0,25.105263157894736,7.049498037549219,11,617.0,0.15217796519626944,11,617.0
4435.0,11,532.0,31.294117647058822,6.2358485434643205,11,672.0,0.15040905851923672,11,672.0
4440.0,11,587.0,36.6875,5.090117683157564,11,727.0,0.15038441334236852,11,727.0
4445.0,11,642.0,37.76470588235294,7.156283681801676,11,782.0,0.1517461728262243,11,782.0
4450.0,11,697.0,43.5625,6.781338243994165,11,837.0,0.1529408596736291,11,837.0
4455.0,11,752.0,47.0,6.773520086646082,11,892.0,0.15283818045638672,11,892.0
4460.0,11,807.0,50.4375,4.95958889415205,11,947.0,0.05723808489087416,11,947.0
4465.0,10,661.0,41.3125,3.9872140085913106,10,1001.0,0.04657561084119792,10,1001.0
4470.0,9,666.0,44.4,3.2113397751388684,9,806.0,0.08159069423784679,9,806.0
4475.0,9,711.0,44.4375,5.940442013330989,9,851.0,0.18056982382552328,9,851.0
4480.0,9,756.0,47.25,6.61042221342708,9,896.0,0.1795768409493161,9,896.0
4485.0,7,694.0,46.266666666666666,6.7848368611296,7,939.0,0.18279340585205975,7,939.0
4490.0,7,729.0,42.88235294117647,8.261436131531903,7,867.0,0.2853390651855568,7,867.0
4495.0,3,314.0,18.470588235294116,9.082260921655351,3,898.0,0.3142702325303545,3,898.0
4500.0,0,0.0,0.0,11.509409689385855,0,73.0,0.6600469904736945,0,73.0
4505.0,1,3.0,0.16666666666666666,13.185114002031494,1,3.0,0.7811481111902243,1,3.0
4510.0,1,8.0,0.42105263157894735,14.985355268682204,1,8.0,0.8205133512424143,1,8.0
4515.0,1,13.0,0.65,17.741578847832205,1,13.0,0.8644728047757321,1,13.0
4520.0,1,18.0,0.9,18.84891780031709,1,18.0,0.8457054863557504,1,18.0
4525.0,1,23.0,1.0454545454545454,20.70394004457475,1,23.0,0.8735012263268391,1,23.0
4530.0,1,28.0,1.4,19.699103287811006,1,28.0,0.8060340899128977,1,28.0
4535.0,2,38.0,2.0,20.672246352898785,2,38.0,0.7666185667111831,2,38.0
4540.0,2,48.0,2.526315789473684,20.424855998748654,2,48.0,0.7462705348681297,2,48.0
4545.0,1,43.0,2.6875,17.609315457546032,1,57.0,0.7005072012285043,1,57.0
4550.0,2,52.0,4.0,12.870739444968224,2,52.0,0.6814069529328428,2,52.0
4555.0,2,58.0,4.461538461538462,13.304592146671721,2,62.0,0.6886865713236524,2,62.0
4560.0,2,68.0,5.230769230769231,13.466611813898,2,68.0,0.7101324844905236,2,68.0
4565.0,2,66.0,4.714285714285714,14.41846704778332,2,80.0,0.6936603336956113,2,80.0
4570.0,2,76.0,5.066666666666666,15.286519848730181,2,76.0,0.7387489646039823,2,76.0
4575.0,2,75.0,4.6875,14.392107026981536,2,88.0,0.6017105100579918,2,88.0
4580.0,2,85.0,5.666666666666667,13.886799178345905,2,85.0,0.7401423240758729,2,85.0
4585.0,1,83.0,5.533333333333333,14.058790173479236,1,94.0,0.7038756260779399,1,94.0
4590.0,2,89.0,5.933333333333334,13.707482849828608,2,89.0,0.6994677838178692,2,89.0
4595.0,2,99.0,7.071428571428571,12.771462611195224,2,98.0,0.598971534710915,2,98.0
4600.0,4,113.0,8.692307692307692,9.708671926784014,4,112.0,0.4221512015733671,4,112.0
4605.0,3,117.0,9.0,9.503863203681659,3,128.0,0.3315385970733326,3,128.0
4610.0,3,132.0,10.153846153846153,9.920728444633891,3,129.0,0.32142819882061335,3,129.0
4615.0,4,150.0,11.538461538461538,9.598274556990622,4,147.0,0.1618161911382142,4,147.0
4620.0,5,172.0,14.333333333333334,8.604988632404568,5,169.0,0.00019557920084168666,5,169.0
4625.0,5,197.0,16.416666666666668,8.938212283559375,5,194.0,0.0,5,194.0
4630.0,5,222.0,20.181818181818183,8.697067967044466,5,219.0,0.0,5,219.0
4635.0,5,247.0,24.7,7.972631158191862,5,244.0,0.0,5,244.0
4640.0,5,272.0,34.0,7.714512096874179,5,269.0,0.16421877529756373,5,269.0
4645.0,5,297.0,33.0,8.534451126762248,5,294.0,0.2635848131709058,5,294.0
4650.0,5,322.0,40.25,6.128484104064427,5,319.0,0.28371204305535463,5,319.0
4655.0,5,347.0,43.375,6.121669568255328,5,344.0,0.28316069758882867,5,344.0
4660.0,5,372.0,46.5,6.085574365427618,5,369.0,0.2820804229082936,5,369.0
4665.0,5,397.0,56.714285714285715,4.976527613108703,5,394.0,0.2809463783249336,5,394.0
4670.0,5,422.0,60.285714285714285,5.052499591775364,5,419.0,0.2850947768089328,5,419.0
4675.0,5,447.0,63.857142857142854,4.988271191503313,5,444.0,0.16575530649282852,5,444.0
4680.0,5,472.0,67.42857142857143,4.9514610461558,5,469.0,0.16145583083078383,5,469.0
4685.0,1,183.0,26.142857142857142,5.3802120848592025,1,490.0,0.19079919118626346,1,490.0
4690.0,1,188.0,26.857142857142858,7.530554164370646,1,188.0,0.48534298056052805,1,188.0
4695.0,1,193.0,27.571428571428573,9.64258540969208,1,193.0,0.4908720341352815,1,193.0
4700.0,2,199.0,28.428571428571427,9.725275057131423,2,199.0,0.00030352690766557983,2,199.0
4705.0,1,203.0,29.0,11.84054793625076,1,208.0,0.03277515265686125,1,208.0
4710.0,1,208.0,29.714285714285715,13.467057716504899,1,208.0,0.0,1,208.0
4715.0,1,213.0,35.5,13.507734421922507,1,213.0,0.0,1,213.0
4720.0,1,218.0,31.142857142857142,18.428588713487553,1,218.0,0.4996313669578034,1,218.0
4725.0,1,223.0,31.857142857142858,19.071357597759405,1,223.0,0.4986170621197343,1,223.0
4730.0,1,228.0,25.333333333333332,17.549241979445654,1,228.0,0.6832723739884375,1,228.0
4735.0,1,233.0,29.125,14.10748445762601,1,233.0,0.6228524926193718,1,233.0
4740.0,2,239.0,34.142857142857146,10.653308825316188,2,239.0,0.49723542526016107,2,239.0
4745.0,2,249.0,35.57142857142857,9.71042175008158,2,248.0,0.5879180808775252,2,248.0
4750.0,2,259.0,43.166666666666664,8.911439078591888,2,258.0,0.5883514230275858,2,258.0
4755.0,2,269.0,44.833333333333336,8.934717155627876,2,258.0,0.5917933653815426,2,258.0
4760.0,2,279.0,39.857142857142854,12.599965629811177,2,268.0,0.6526457049807415,2,268.0
4765.0,2,289.0,41.285714285714285,12.604723729271086,2,278.0,0.659119836331614,2,278.0
4770.0,2,299.0,42.714285714285715,15.780484272766516,2,288.0,0.6999999153016665,2,288.0
4775.0,2,309.0,38.625,15.807098437042043,2,298.0,0.7324245824176627,2,298.0
4780.0,2,319.0,35.44444444444444,13.657261183162587,2,308.0,0.6878940529366999,2,308.0
4785.0,4,332.0,36.888888888888886,10.891038210217546,4,321.0,0.547168532881453,4,321.0
4790.0,4,352.0,39.111111111111114,10.906865105523847,4,341.0,0.4210690797783538,4,341.0
4795.0,3,361.0,36.1,12.93963569031069,3,360.0,0.500228702928435,3,360.0
4800.0,3,376.0,37.6,13.33305124725187,3,365.0,0.5653824385820438,3,365.0
4805.0,3,391.0,39.1,13.480475828350553,3,380.0,0.5392641566853912,3,380.0
4810.0,3,406.0,40.6,13.57571084963429,3,350.0,0.48362752762830735,3,350.0
4815.0,2,345.0,38.333333333333336,10.597764729454209,2,364.0,0.3957393523335708,2,364.0
4820.0,4,358.0,39.77777777777778,6.155457632747168,4,358.0,0.06924260556952963,4,358.0
4825.0,5,379.0,42.111111111111114,5.388750490200931,5,379.0,0.00017429644873522194,5,379.0
4830.0,5,404.0,44.888888888888886,5.797769095809679,5,403.0,0.0,5,403.0
4835.0,3,401.0,44.55555555555556,6.394102907347869,3,421.0,0.01178543284592,3,421.0
4840.0,2,395.0,43.888888888888886,8.084956273034082,2,395.0,0.0,2,395.0
4845.0,2,405.0,45.0,13.488631873241921,2,405.0,0.3333321277539372,2,405.0
4850.0,2,415.0,46.111111111111114,15.087019445416596,2,415.0,0.3326009048090899,2,415.0
4855.0,2,425.0,47.22222222222222,16.762303784441073,2,425.0,0.3318449973182674,2,425.0
4860.0,2,435.0,62.142857142857146,16.146319059828723,2,435.0,0.3314317568597322,2,435.0
4865.0,2,445.0,63.57142857142857,16.848368294062883,2,445.0,0.0,2,445.0
4870.0,2,455.0,65.0,17.331104961331793,2,455.0,0.0,2,455.0
4875.0,2,465.0,66.42857142857143,20.099034130768253,2,465.0,0.32993692882415104,2,465.0
4880.0,2,475.0,79.16666666666667,15.727948008492655,2,475.0,0.33276810308838684,2,475.0
4885.0,2,485.0,97.0,12.720523353739381,2,485.0,0.3278664855595959,2,485.0
4890.0,2,495.0,99.0,13.827557124331964,2,495.0,0.49081312678889655,2,495.0
4895.0,2,505.0,126.25,13.091894839448464,2,505.0,0.4973230643945621,2,505.0
4900.0,2,515.0,128.75,12.77397927391649,2,515.0,0.4856803217744034,2,515.0
4905.0,2,525.0,131.25,9.822695807670977,2,525.0,0.33122471671472736,2,525.0
4910.0,2,535.0,133.75,10.698291543144302,2,535.0,0.32838502459886465,2,535.0
4915.0,2,545.0,136.25,11.55838950601247,2,545.0,0.33096635805516106,2,545.0
4920.0,2,555.0,111.0,15.692108243245292,2,555.0,0.3311787219109252,2,555.0
4925.0,2,565.0,113.0,16.178271469778817,2,565.0,0.3320983344165253,2,565.0
4930.0,2,575.0,115.0,16.13304755059301,2,575.0,0.32906390813365105,2,575.0
4935.0,2,585.0,117.0,16.06292816545113,2,585.0,0.32977349568982833,2,585.0
4940.0,2,595.0,148.75,13.362024133737483,2,595.0,0.3301360123069478,2,595.0
4945.0,2,605.0,151.25,10.308339418435025,2,605.0,0.18754943579487057,2,605.0
4950.0,3,617.0,154.25,6.267521369374417,3,617.0,8.217805848087578e-05,3,617.0
4955.0,3,632.0,210.66666666666666,0.0,3,630.0,0.0,3,630.0
4960.0,3,647.0,215.66666666666666,0.0,3,645.0,0.0,3,645.0
4965.0,3,662.0,220.66666666666666,0.0,3,660.0,0.0,3,660.0
4970.0,3,677.0,225.66666666666666,0.0,3,675.0,0.0,3,675.0
4975.0,3,692.0,230.66666666666666,0.0,3,690.0,0.0,3,690.0
4980.0,3,707.0,235.66666666666666,0.0,3,705.0,0.0,3,705.0
4985.0,3,722.0,240.66666666666666,0.0,3,720.0,0.0,3,720.0
4990.0,3,737.0,245.66666666666666,0.0,3,735.0,0.0,3,735.0
4995.0,3,752.0,250.66666666666666,0.0,3,750.0,0.0,3,750.0
5000.0,3,767.0,255.66666666666666,0.0,3,765.0,0.0,3,765.0
5005.0,2,279.0,93.0,0.18230135385723165,2,779.0,0.005456553239063818,2,779.0
5010.0,1,62.0,20.666666666666668,2.4666654724116976,1,60.0,0.0,1,60.0
5015.0,1,67.0,22.333333333333332,4.785859047748916,1,65.0,0.0,1,65.0
5020.0,1,72.0,18.0,14.068591972548388,1,70.0,0.49296209832958215,1,70.0
5025.0,1,77.0,19.25,15.770332263779933,1,75.0,0.492779120949115,1,75.0
5030.0,1,82.0,20.5,17.63563214151968,1,80.0,0.49960850547909874,1,80.0
5035.0,1,87.0,17.4,24.791689931502283,1,85.0,0.6654714282502069,1,85.0
5040.0,1,92.0,18.4,24.60622427783183,1,90.0,0.5906312983352273,1,90.0
5045.0,1,97.0,16.166666666666668,21.824180085540906,1,7.0,0.5491352683488245,1,7.0
5050.0,1,102.0,17.0,20.52025413064038,1,12.0,0.6960075539010501,1,12.0
5055.0,1,107.0,21.4,19.301731422485993,1,95.0,0.6461690049973182,1,95.0
5060.0,1,112.0,22.4,20.139296442399008,1,100.0,0.6595069647360048,1,100.0
5065.0,1,117.0,23.4,20.782237398823,1,105.0,0.6593908525029479,1,105.0
5070.0,1,122.0,30.5,15.292324144564459,1,110.0,0.6529036792208118,1,110.0
5075.0,1,127.0,42.333333333333336,9.144095917040651,1,115.0,0.657374710476611,1,115.0
5080.0,1,132.0,44.0,9.0327042153439,1,120.0,0.64935320259682,1,120.0
5085.0,0,0.0,0.0,16.015518647246786,0,124.0,0.7418648973410918,0,124.0
5090.0,0,0.0,0.0,17.069635682018266,0,0.0,0.9918222877211867,0,0.0
5095.0,0,0.0,0.0,17.855944080139302,0,0.0,0.985872943815043,0,0.0
5100.0,0,0.0,0.0,15.854605788845351,0,0.0,0.7117441731711326,0,0.0
5105.0,1,4.0,1.0,14.22415408147414,1,4.0,8.378353481758858e-06,1,4.0
5110.0,1,9.0,2.25,16.039459301770854,1,9.0,0.0,1,9.0
5115.0,1,14.0,3.5,17.87823572885916,1,14.0,0.0,1,14.0
5120.0,1,19.0,4.75,19.18996087504322,1,19.0,0.0,1,19.0
5125.0,1,24.0,8.0,14.110181177840454,1,24.0,0.0,1,24.0
5130.0,1,29.0,9.666666666666666,14.14841543990797,1,29.0,0.0,1,29.0
5135.0,1,34.0,17.0,6.721228493987405,1,34.0,0.0,1,34.0
5140.0,1,39.0,19.5,6.960798365732011,1,39.0,0.0,1,39.0
5145.0,1,44.0,22.0,6.7393820442653345,1,44.0,0.0,1,44.0
5150.0,1,49.0,24.5,6.7681078392475,1,49.0,0.0,1,49.0
5155.0,1,54.0,27.0,6.939258110970081,1,54.0,0.0,1,54.0
5160.0,1,59.0,29.5,6.782495580583167,1,59.0,0.0,1,59.0
5165.0,1,64.0,64.0,0.0,1,64.0,0.0,1,64.0
5170.0,1,69.0,69.0,0.0,1,69.0,0.0,1,69.0
5175.0,1,74.0,74.0,0.0,1,74.0,0.0,1,74.0
5180.0,1,79.0,79.0,0.0,1,79.0,0.0,1,79.0
5185.0,1,84.0,84.0,0.0,1,84.0,0.0,1,84.0
5190.0,1,89.0,89.0,0.0,1,89.0,0.0,1,89.0
5195.0,1,94.0,47.0,1.8758091825619339,1,94.0,0.1148362732549927,1,94.0
5200.0,1,99.0,49.5,3.7654954981151967,1,99.0,0.23052209893301576,1,99.0
5205.0,1,104.0,52.0,5.558023175722919,1,104.0,0.3402599124145325,1,104.0
5210.0,1,109.0,54.5,7.205254811942577,1,109.0,0.44110276148985084,1,109.0
5215.0,1,114.0,57.0,7.991866999530867,1,114.0,0.4892588388560058,1,114.0
5220.0,1,119.0,39.666666666666664,18.25510923103624,1,119.0,0.6577323017825605,1,119.0
5225.0,1,124.0,41.333333333333336,17.76616905795125,1,124.0,0.6466041168227431,1,124.0
5230.0,1,129.0,32.25,17.416669565387195,1,129.0,0.73796435598491,1,129.0
5235.0,1,134.0,33.5,14.610283620620462,1,134.0,0.6689044992638706,1,134.0
5240.0,1,139.0,34.75,10.534033964374833,1,139.0,0.6616875842847527,1,139.0
5245.0,1,144.0,28.8,10.90989354342653,1,144.0,0.6327966668486891,1,144.0
5250.0,1,149.0,29.8,8.984473443133187,1,149.0,0.44002175712888214,1,149.0
5255.0,2,159.0,31.8,10.423231297202578,2,159.0,0.49070611376974355,2,159.0
5260.0,2,169.0,33.8,11.189308233565821,2,169.0,0.4938628446837552,2,169.0
5265.0,2,179.0,35.8,11.831143199519424,2,179.0,0.48734915351012087,2,179.0
5270.0,1,169.0,33.8,12.548281717493369,1,188.0,0.49727641147134316,1,188.0
5275.0,1,174.0,43.5,8.510806265751924,1,174.0,0.651362329824939,1,174.0
5280.0,2,180.0,45.0,5.9076060499893845,2,180.0,0.3320591675071936,2,180.0
5285.0,2,190.0,47.5,6.619097020087329,2,190.0,0.3262896476725013,2,190.0
5290.0,2,200.0,50.0,7.587823725119497,2,200.0,0.329714730679811,2,200.0
5295.0,2,210.0,52.5,7.867741318869985,2,210.0,0.3331282038116032,2,210.0
5300.0,1,199.0,49.75,7.682985615648288,1,219.0,0.03046138137563993,1,219.0
5305.0,1,204.0,40.8,14.854254197729876,1,204.0,0.49534290466183717,1,204.0
5310.0,1,209.0,41.8,15.641828870219303,1,209.0,0.4993678159049293,1,209.0
5315.0,1,214.0,42.8,16.364193842099173,1,214.0,0.49779580133340257,1,214.0
5320.0,1,219.0,43.8,15.613897608490424,1,219.0,0.41673371838994666,1,219.0
5325.0,1,224.0,44.8,16.478736540619046,1,224.0,0.0,1,224.0
5330.0,1,229.0,57.25,17.10250248069353,1,229.0,0.0,1,229.0
5335.0,1,234.0,58.5,16.985336810778264,1,234.0,0.0,1,234.0
5340.0,1,239.0,59.75,17.163219201893682,1,239.0,0.0,1,239.0
5345.0,1,244.0,81.33333333333333,9.999633175630246,1,244.0,0.0,1,244.0
5350.0,1,249.0,124.5,7.420343787372236,1,249.0,0.0,1,249.0
5355.0,1,254.0,127.0,7.41782244163112,1,254.0,0.0,1,254.0
5360.0,1,259.0,129.5,7.3575925028045965,1,259.0,0.0,1,259.0
5365.0,1,264.0,264.0,0.0,1,264.0,0.0,1,264.0
5370.0,1,269.0,269.0,0.0,1,269.0,0.0,1,269.0
5375.0,1,274.0,91.33333333333333,8.249232398689761,1,274.0,0.6583428829767645,1,274.0
5380.0,1,279.0,93.0,8.27647730637718,1,279.0,0.6605924517235942,1,279.0
5385.0,1,284.0,71.0,12.034419709767011,1,284.0,0.7404300330104334,1,284.0
5390.0,1,289.0,72.25,12.016309036441266,1,289.0,0.7418029602340398,1,289.0
5395.0,1,294.0,73.5,11.950590535013356,1,294.0,0.7365244572595022,1,294.0
5400.0,1,299.0,74.75,11.978866702619593,1,299.0,0.7385064871600849,1,299.0
